Property name, Bed, Bath, Rent, Area, Posting date
3 bedrooms house to let Osu, 3,  3,3510 ,Accra,Yesterday 10:53 pm
3 bedrooms house to let Osu, 3,  3,3510 ,Accra,Yesterday 10:41 pm
4 bedrooms house to let Trade Fair La, 4,  4,4388 ,Accra,Yesterday 10:20 pm
3 Bedroom for Rent in Adenta, 3,  3,880 ,Accra,Yesterday 10:13 pm
5 BRD TO LET - BEDIAKO, TEMA COMM 25, 5,  5,2000 ,Greater Accra,Yesterday  8:36 pm
5 BRD FURNISHED, TESANO, 5,  3,12000 ,Accra,Yesterday  6:44 pm
one bed house, 2,  1,2200 ,Accra,10 Jul  6:18 pm
3 BRD FURNISHED, TEMA COMM. 18, 3,  3,5400 ,Greater Accra,Yesterday  6:06 pm
5 B/room Exe Hse @ Adenta, 5,  5,5000 ,Greater Accra,05 Jul  4:09 pm
4 BEDROOM EXEC. HOUSE IN EAST LEGON, 4,  5,6000 ,Accra,07 Jun  9:14 pm
NEWLY 5 BEDROOM HOUSE IN EAST LEGON, 5,  6,16000 ,Accra,17 May  9:04 pm
3 Bedroom House in Devtraco Estate Tema, 3,  2,1700 ,Greater Accra,Yesterday  3:37 pm
2nd Heritage court.Devtraco, 3,  2,2500 ,Greater Accra,Yesterday  3:02 pm
4bedroom house for rent at Adenta, 4,  4,1500 ,Accra,Yesterday  1:43 pm
5 bedroom house for rent in Scc barrier., 4,  3,1350 ,Accra,Yesterday 12:15 pm
2bedroom house in Sakumono, 2,  1,1000 ,Accra,Yesterday 12:11 pm
3 bedroom house, 3,  2,2700 ,Accra,08 Jul 12:40 pm
Four bedrooms self compound@trassacco, 4,  5,6000 ,Accra,Yesterday 11:58 am
4 bedroom house in Airport Residential, 4,  4,19900 ,Accra,Yesterday 11:41 am
4 Bedroom For Rent At East Legon, 4,  5,12900 ,Accra,Yesterday 11:40 am
4 BEDROOM HOUSE IN AMRAHIA NEAR BARON, 4,  5,1500 ,Accra,06 Jul 11:10 am
two bedroom house east legon, 2,  3,1200 ,Accra,Yesterday 11:19 am
2 bedroom house in Pokuase, 2,  2,1500 ,Accra,21 Jun 12:20 pm
3 bedroom furnished town house E.Legon, 3,  3,14000 ,Accra,Yesterday 11:03 am
3 bedroom townhouse in Pokuase Accra, 3,  2,6000 ,Accra,Yesterday 11:01 am
3 Bedroom House in Regimanuel Estates, 3,  2,6800 ,Accra,Yesterday 10:40 am
5 bedroom house with 2BQ in Legon, 5,  5,8000 ,Accra,Yesterday 10:34 am
4 bedroom house to let near Labadi Beach, 4,  3,10800 ,Accra,Yesterday 10:24 am
House to let near Prampram Beach, 3,  2,2500 ,Greater Accra,06 Jul  4:38 pm
EXEC 4 B/R AT ATOMIC/ASHONGMAN RD, 4,  5,2000 ,Accra,Yesterday 10:00 am
3 bedroom estate house on Spintex Road, 3,  2,8000 ,Accra,Yesterday  9:59 am
5 bedroom house at North Ridge Accra, 5,  5,20000 ,Accra,Yesterday  9:32 am
three bedroom self compound@spintex, 3,  2,1200 ,Accra,Yesterday  9:20 am
Executive 4 bedrooms 1 bqs at east legon, 4,  6,12900 ,Accra,Yesterday  9:18 am
4 bedroom Duke to Let at East Legon Ext, 4,  5,6315 ,Accra,Yesterday  9:15 am
4 bedroom townhouse to let at Cantonment, 5,  5,16800 ,Accra,Yesterday  9:03 am
4 BEDROOM HOUSE  WITH POOL IN EAST LEGON, 4,  5,11000 ,Accra,Yesterday  8:52 am
7 bedroom house adjiriganor, 6,  5,4300 ,Accra,Yesterday  3:08 am
4 Bedroom House Spintex, 4,  4,8000 ,Accra,Yesterday  3:00 am
3 bedroom house community 25, 3,  2,2200 ,Greater Accra,Yesterday  3:00 am
Furnished 5 Bdrm Townhse @ Dzorwulu, 5,  4,22000 ,Accra,Yesterday  2:26 am
Furnished 4 Bdrm Townhse @ East Legon, 4,  4,8800 ,Accra,Yesterday  1:39 am
5 Bdrm Beach Hse at Nungua, 5,  3,8360 ,Accra,10 Jul  6:36 pm
4bedroom  2bq self compound East legon, 4,  4,4800 ,Accra,10 Jul  6:06 pm
4 bedroom townhouse to let at Abelemkpe, 4,  4,17559 ,Accra,10 Jul  5:29 pm
Exe 4 bedroom house with BQ@ Sakumono, 4,  3,4900 ,Accra,10 Jul  5:27 pm
Townhouses @East Legon, 4,  5,10500 ,Accra,10 Jul  4:49 pm
3bed with 2bq self compound@East legon, 3,  2,3000 ,Accra,10 Jul  4:26 pm
3bedroom self/C @East legon, 3,  2,2700 ,Accra,10 Jul  4:17 pm
EXEC 4 B/R 1 BQS AT EAST LEGON, 4,  5,6450 ,Accra,10 Jul  3:55 pm
5 bedroom House At Haatso, 5,  5,3000 ,Accra,10 Jul  3:44 pm
3bedroom for rent Baatsona, 3,  3,1600 ,Accra,10 Jul  3:14 pm
house for rent  -North Kaneshie, 5,  6,7200 ,Accra,10 Jul  3:12 pm
House for rent within NTHC Estate, 3,  2,4000 ,Accra,10 Jul  2:56 pm
5 Bdrm Hse with SPool at Airport., 5,  5,30800 ,Accra,10 Jul  2:50 pm
2bedroom house in East Legon, 2,  3,1000 ,Accra,10 Jul  1:08 pm
hOUSE  at Ablekuma, 1,  1,160 ,Accra,10 Jul 11:13 am
A 5 Bedroom Executive@airport, 5,  5,26400 ,Accra,10 Jul 11:07 am
new 2bedrm selfcompound@spintex, 2,  2,1200 ,Accra,10 Jul  8:55 am
4 bedrooms 2 bedrooms outhouse for rent, 6,  5,5000 ,Kumasi,10 Jul  8:37 am
THREE BEDROOMS FOR SALE @ WEIJA, 3,  3,500000 ,Greater Accra,10 Jul  8:05 am
9Bedroom House Teshie, 9,  6,6500 ,Accra,10 Jul  7:49 am
4 bedroom House for Rent in East Legon, 4,  6,10800 ,Accra,10 Jul  7:03 am
Newly built executive 4 BDR East Legon, 4,  6,10800 ,Accra,10 Jul  6:50 am
3-Bedroom Self-Compound Eastlegon, 3,  3,2000 ,Accra,10 Jul 12:20 am
3 Bedroom Self Compound  botwe, 3,  2,1000 ,Accra,09 Jul  9:06 pm
4 BEDROOM HOUSE AT CHAPEL HILL, 4,  3,1200 ,Sekondi Takoradi,09 Jul  1:54 pm
Executive Four Bedroom House@Ofankor, 4,  3,1500 ,Greater Accra,09 Jul  1:51 pm
2 bedroom@spintex, 2,  1,1000 ,Accra,09 Jul  1:25 pm
4 Bedroom House at oshiyie Bojo Beach, 4,  5,3500 ,Accra,09 Jul 12:32 pm
4 Bedroom House For Rent  At East Legon, 4,  5,64875 ,Accra,09 Jul 11:10 am
2bedrm selfcompound 4rent spintex, 2,  1,800 ,Accra,09 Jul 10:58 am
4 BEDROOM FURNISHED HOUSE AT  AIRPORT, 4,  4,8500 ,Accra,09 Jul  8:33 am
4 BHK house 4 Rent at Lakeside, 4,  5,2000 ,Accra,09 Jul  8:28 am
Executive 4 Bedroom House@TSE ADDO, 4,  4,8000 ,Accra,09 Jul  8:07 am
3 Bedroom house for Rent at Oyibi, 3,  4,1300 ,Accra,09 Jul  7:55 am
4 Bedroom House For Rent At East Legon, 3,  3,3200 ,Accra,09 Jul  7:42 am
3 BHK Semi Detach to Let Adenta, 3,  3,1500 ,Accra,09 Jul  7:39 am
3 BHK to Let at East Legon, 3,  5,15260 ,Accra,09 Jul  7:38 am
3 bedrooms in an estate,east legon, 3,  2,3200 ,Accra,09 Jul  7:37 am
4 Bedroom+ pool House East Legon, 4,  6,15365 ,Accra,09 Jul  7:33 am
4BHK Villa for Rent at Est lgn, 4,  5,15000 ,Accra,09 Jul  7:24 am
4 Bedroom Exec for Rent at East Legon, 4,  5,6000 ,Accra,09 Jul  5:33 am
Furnished 4 bedroom house  trade fair, 4,  3,6000 ,Accra,09 Jul  5:31 am
New Executive 2 Bedroom hse, trade fair, 2,  2,2800 ,Accra,09 Jul  3:20 am
Brand new five bedrooms house Cantoment, 5,  6,16500 ,Accra,09 Jul 12:42 am
4 bedrooms House in Deduako, 4,  4,600 ,Kumasi,08 Jul  9:38 pm
4 Bedroom House with pool Adjiringanor, 4,  4,8600 ,Accra,08 Jul  6:53 pm
3 bedroom house East legon, 3,  2,12900 ,Accra,08 Jul  6:44 pm
4 BEDROOM HOUSE AT TAKORADI, 4,  5,1100 ,Sekondi Takoradi,08 Jul 12:32 pm
2 bedroom furnished-adgyiriganor, 2,  2,4500 ,Accra,08 Jul 12:28 pm
4 bedrooms for rent, 4,  2,1200 ,Accra,08 Jul 12:13 pm
house for rent@haatso, 2,  2,1000 ,Accra,08 Jul 11:34 am
New 2bedroom house at Spintex, 2,  2,1200 ,Accra,08 Jul 11:02 am
4 bedroom house at Adenta frafraha, 4,  4,2000 ,Accra,08 Jul 10:49 am
Executive 3 bedrooms house-East Legon, 3,  3,6300 ,Accra,08 Jul 10:48 am
4 bedrooms for rent at Dansoman, 4,  2,1400 ,Accra,08 Jul 10:47 am
Exec 4 bedroom house Cantonment, 4,  4,15200 ,Accra,08 Jul 10:27 am
4 Bedroom House in Regimanuel Estates, 4,  3,8000 ,Accra,08 Jul  9:05 am
4 bedroom furnished house in Airport Res, 4,  4,18000 ,Accra,08 Jul  8:52 am
3 BEDROOM HOUSE FOR RENT AT COMM 18, 3,  2,2000 ,Accra,08 Jul  7:32 am
4 Bedroom House for Rent Spintex, 4,  4,4000 ,Accra,08 Jul  7:32 am
4 Bedroom House for Rent at,Trassaco, 5,  6,22087 ,Accra,08 Jul  7:25 am
4 bedroom for Rent at Lakeside, 4,  4,3000 ,Accra,08 Jul  7:25 am
5 Bedroom House for Rent at East Legon, 5,  5,13177 ,Accra,08 Jul  7:25 am
Furnished 3 BDR House for Rent@Oyarifa, 3,  4,2000 ,Accra,08 Jul  7:16 am
Huge 4 BHK + BQ at Agiringano To Let, 4,  4,8600 ,Accra,08 Jul  7:07 am
4 BDR TownHouse For Rent@East Legon, 5,  6,12605 ,Accra,08 Jul  7:07 am
3 bedroom house to Let inside Agiringano, 3,  3,6926 ,Accra,08 Jul  7:06 am
New 2bedroom Selfcompound 4rent Teshie, 2,  2,700 ,Accra,08 Jul  6:53 am
4 bedrooms house New Weija, 4,  3,1500 ,Accra,07 Jul 11:45 pm
3 bedrooms house at Tema, 3,  2,2520 ,Accra,07 Jul 11:17 pm
4 Bedroom self compound Adenta, 4,  5,2000 ,Accra,07 Jul  9:59 pm
6 BRM FURNISHED HOUSE, ADJIRIGANO, 6,  6,18000 ,Accra,07 Jul  8:30 pm
4 bedroom townhouse to let Labone, 4,  4,17647 ,Accra,07 Jul  8:11 pm
4 BRM HOUSE TO LET, APRAMANG, KUMASI, 4,  4,1500 ,Kumasi,07 Jul  7:48 pm
Executive 5 Bedroom House, Danquah, 5,  5,22000 ,Accra,07 Jul  6:47 pm
4 bedrooms house to let Labone, 4,  4,17647 ,Accra,07 Jul  6:29 pm
East Airport 4 Bedroom House, 4,  4,6450 ,Accra,07 Jul  5:26 pm
4 BRM HOUSE TO LET, GREDA ESTATES, 4,  2,4500 ,Accra,07 Jul  4:59 pm
4 bedroom house to let Abelenkpe, 4,  4,4411 ,Accra,07 Jul  4:02 pm
2 Bedrooms House At Lashibi, 2,  2,1000 ,Accra,07 Jul  3:58 pm
4 bedroom house to let Abelemkpe, 4,  4,4411 ,Accra,07 Jul  3:50 pm
East Legon 4 Bedroom House, 4,  3,4620 ,Accra,07 Jul  2:56 pm
East Legon 4 Bedroom house, 4,  3,10750 ,Accra,07 Jul  2:54 pm
Executive 6 bedrooms -american house, 6,  6,6800 ,Accra,07 Jul  2:14 pm
5 BEDROOM HOUSE AT DOME PARAKU, 5,  5,4371 ,Accra,07 Jul 12:35 pm
3 BEDROOM HOUSE IN DZORWULU, 3,  3,8743 ,Accra,07 Jul 12:24 pm
4 bedrooms house at sakumono, 4,  4,5400 ,Accra,07 Jul 11:59 am
3 bedroom house ,Kwabenya, 3,  3,2500 ,Accra,07 Jul 11:55 am
3 BEDROOM SELF CONTAIN at Oyarifa, 3,  2,900 ,Accra,07 Jul 11:53 am
Executive house at Paraku estate, 10,  10,12000 ,Kumasi,07 Jul 11:31 am
House at Ahinsan estate, 6,  8,8000 ,Kumasi,07 Jul 11:30 am
2 BRM FURNISHED, OYARIFA, 2,  2,4000 ,Accra,07 Jul 10:20 am
3-bedroom House To-let At Eastlegon, 3,  4,2500 ,Accra,07 Jul 10:07 am
3-Bedroom House To-let At Eastlegon, 3,  3,2000 ,Accra,07 Jul 10:04 am
5bedrooms house UPSA madina, 5,  4,1300 ,Accra,07 Jul  9:54 am
EXE 6BEDROOM HOUSE AT DZORWULU, 6,  6,5000 ,Accra,07 Jul  9:29 am
4 Bedroom Villa at East Legon, 4,  5,8790 ,Accra,07 Jul  8:52 am
2 bedroom s/compound- Sowutuom, 2,  1,600 ,Accra,07 Jul  8:31 am
2 bedrooms house in Ayeduase, 2,  2,400 ,Kumasi,07 Jul  8:30 am
Furnished 3 Bedroom House East Legon, 3,  4,3534 ,Accra,07 Jul  8:12 am
newly build 3-bed house, east legon, 3,  3,1500 ,Accra,07 Jul  6:35 am
3 Bedroom Self compound at Eastlegon, 3,  3,2000 ,Accra,07 Jul  4:24 am
4 Bedroom Townhouse + 2 BQ East Legon, 4,  4,13153 ,Accra,07 Jul  2:24 am
Executive house for rent, east legon, 5,  5,11000 ,Accra,06 Jul  6:42 pm
3 bedrooms house in Regimanuel-Spintex, 3,  2,6800 ,Accra,06 Jul  6:40 pm
5 bedroom house to let at East Legon, 5,  5,16000 ,Accra,06 Jul  6:36 pm
5 bedroom estate house at Adjiringanor, 5,  5,18000 ,Accra,06 Jul  6:02 pm
3bedroom house at East legon, 3,  3,2000 ,Accra,06 Jul  5:49 pm
4 bedroom for rent Adenta Sakora, 4,  4,1600 ,Accra,06 Jul  5:48 pm
2bedroom house Oyibi Ayensu estate, 2,  1,400 ,Accra,06 Jul  5:48 pm
3bedroom house eastlegon-ability, 3,  3,3644 ,Accra,06 Jul  5:40 pm
Neat 3bedrooms house-Adenta, 3,  2,880 ,Accra,06 Jul  5:32 pm
4 bedroom house pokuase, 4,  3,1000 ,Accra,06 Jul  5:25 pm
MODERN 7 BRM HOUSE TO LET - FRAFRAHA, 7,  7,2500 ,Accra,06 Jul  5:24 pm
Furnished 4 Bdrm Hse at Dzorwulu, 4,  4,26400 ,Accra,06 Jul  5:24 pm
3-Bedroom Townhouse at East Cantonments, 3,  4,9669 ,Accra,06 Jul  4:54 pm
House for rent @ Bolgatanga, 6,  5,1400 ,Upper East,06 Jul  4:35 pm
3 bedroom house for rent @ Batsonaa, 3,  4,2600 ,Accra,06 Jul  4:30 pm
4 Bdrm Townhouse for Rent at Cantonment, 4,  4,15400 ,Accra,06 Jul  4:24 pm
Newly 3 bedroom house for Rent @ Pokuase, 3,  3,2000 ,Accra,06 Jul  4:24 pm
Exe 4 bedroom house with BQ@ Spintex, 4,  4,4000 ,Accra,06 Jul  3:27 pm
executive furnished house for rent legon, 3,  4,4000 ,Accra,06 Jul  2:36 pm
Executive 3 BRM House in Oyarifa, 3,  3,1700 ,Accra,06 Jul  2:22 pm
3 Bedroom With 2 BQ @ Cantonments, 3,  4,16000 ,Accra,06 Jul  2:22 pm
6 Bedroom Luxurious Home Oyarifa, 6,  7,6000 ,Accra,06 Jul  1:33 pm
two bedroom house IN Spintex, 2,  1,600 ,Accra,06 Jul 12:58 pm
4BDR EXEC HSE FOR RENT NEAR DEVTRACO C25, 4,  4,4000 ,Greater Accra,06 Jul 12:55 pm
4 BEDROOM TO LET @GREDA ESTATE, 4,  2,1300 ,Accra,06 Jul 11:59 am
FURNISHED 4 BEDROOMS TO LET,ADJIRIGANNOR, 4,  4,11250 ,Accra,06 Jul 11:46 am
Beautiful Family Home For Rent tema, 4,  4,27000 ,Greater Accra,06 Jul 11:35 am
3 bedroom house for rent @ Spintex, 3,  2,1500 ,Accra,06 Jul 10:51 am
4 bedroom house to rent -Tema Comm. 25, 4,  3,3000 ,Greater Accra,06 Jul 10:37 am
3bedroom house at spintex, 3,  3,2000 ,Accra,06 Jul 10:35 am
5Bedroom House@Roman ridge, 5,  5,8000 ,Accra,06 Jul 10:33 am
5Bedrooms+2Bq To Let in Spintex, 7,  6,4400 ,Accra,06 Jul 10:03 am
3 BBK for Rent at Ashaley Botwe, 3,  3,2500 ,Accra,06 Jul  9:45 am
4 BDR+Swimming pool at A/C Mall, 4,  6,15500 ,Accra,06 Jul  9:35 am
Corner 4 BR+BQ to Let in Agiringano, 4,  6,9717 ,Greater Accra,06 Jul  9:33 am
Executive Hse for Rent at Airport Hills, 4,  5,18480 ,Accra,06 Jul  9:06 am
3 bedroom short stay rental @kotwi, 3,  3,4500 ,Kumasi,06 Jul  8:58 am
4 bedroom uncompleted house Botwe, 4,  5,250000 ,Accra,06 Jul  8:41 am
FULLY FURNISHED HSE IN LARTERBIOKOSHIE, 8,  8,2500 ,Accra,06 Jul  8:16 am
4Bedrooms House To Let in Spintex, 5,  5,6300 ,Accra,06 Jul  8:15 am
Furnished 5Bedrm To Let in Com20,Spintex, 5,  3,4400 ,Accra,06 Jul  8:13 am
Furnished 5Bedrms Hose To Let in Spintex, 5,  5,5000 ,Accra,06 Jul  7:58 am
5Bedrms House to let in Gulf City Com25, 5,  5,1600 ,Greater Accra,06 Jul  4:47 am
5Bedrms House+Garage To Let in Afienya, 5,  3,1500 ,Greater Accra,06 Jul  4:44 am
3 bdrms hse for rent in Spintex, 3,  4,1600 ,Accra,06 Jul  3:32 am
3 bdrms hse for rent Adenta lake side, 3,  4,2000 ,Accra,06 Jul  1:06 am
3 Bdrm House at Oyibi Renting, 3,  2,800 ,Accra,05 Jul  9:24 pm
5 bedroom swimming pool house at Ridge, 5,  5,29800 ,Accra,05 Jul  9:10 pm
4 Bdrm House at East Legon Renting, 4,  4,13200 ,Accra,05 Jul  8:56 pm
Neat house for rent,adjiriganor, 3,  3,3500 ,Accra,05 Jul  6:38 pm
2 bedroom house Lakeside, 2,  1,800 ,Accra,05 Jul  6:11 pm
Executive 3 Bedroom + 1Bqs in Oyarifa, 3,  3,2400 ,Accra,05 Jul  5:01 pm
three bedroom house for rent@Beahu, 3,  2,450 ,Western,05 Jul  4:51 pm
Swimming pool house to let at Dzorwulu, 3,  2,19000 ,Accra,05 Jul  4:36 pm
5 bedroom house for rent @ ashongman, 5,  3,1200 ,Accra,05 Jul  4:32 pm
4 Bedroom Furnished House in North Ridge, 4,  4,20000 ,Accra,05 Jul  4:28 pm
four bedroom house-spintex, 4,  4,2000 ,Accra,05 Jul  4:17 pm
Furnished 17Rooms To Let at Tema com25, 10+,  10+,13000 ,Greater Accra,05 Jul  2:39 pm
Furnished 4 bedroom house at Osu, 4,  4,7400 ,Accra,05 Jul  2:20 pm
5 bedroom house @ Kotwi for rent, 5,  5,1300 ,Kumasi,05 Jul  2:10 pm
4 bedroom house & BQ for rent Sakumono, 4,  4,3500 ,Accra,05 Jul  1:34 pm
3BEDROM HOUSE @ LAKESIDE ESTATE, 3,  3,2000 ,Accra,05 Jul 12:57 pm
three bedroom self compound@spintex, 3,  2,1000 ,Accra,05 Jul 12:38 pm
3 bedroom @Devtraco estates -Tema, 3,  3,2000 ,Greater Accra,05 Jul 12:29 pm
Exec 3bedrooms self compound east Legon, 3,  4,3730 ,Accra,05 Jul 12:29 pm
3Bedrms Houses To Let in Tema com25, 3,  2,2000 ,Greater Accra,05 Jul 12:10 pm
6Bedrms+2Bq House To Let in Com22, 8,  5,4400 ,Greater Accra,05 Jul 12:08 pm
Executive 4 Bedroom House-Spintex, 4,  4,4400 ,Accra,05 Jul 11:54 am
3 B/R 1 BQS at cantonments, 3,  4,10750 ,Accra,05 Jul 11:51 am
4 B/R 1 BQS swim pool at dzorwulu, 4,  5,17200 ,Accra,05 Jul 11:45 am
Furnished 4 bedroom house @ Spintex, 4,  4,5700 ,Accra,05 Jul 11:21 am
4 BDR Villa To Let at East Legon, 4,  6,9660 ,Accra,05 Jul 11:18 am
3BEDROOM HOUSE-East legon, 3,  3,1800 ,Accra,05 Jul 11:15 am
3 bedroom house to let at HFC, Spintex, 3,  3,2000 ,Accra,05 Jul 11:13 am
6bed House Spintex 18 Junction, 6,  4,3000 ,Greater Accra,05 Jul 10:56 am
4 bdrms hse for rent in Spintex comm 18, 4,  5,4300 ,Accra,05 Jul 10:42 am
4 bdrms hse for rent in Spintex, 4,  5,6500 ,Accra,05 Jul 10:41 am
4 bdrms hse for rent in East Legon, 4,  5,10000 ,Accra,05 Jul 10:41 am
3 bdrms hse  for rent in Pokuase, 3,  4,1200 ,Accra,05 Jul 10:41 am
4 bdrms hse for rent in Spintex, 4,  4,4800 ,Accra,05 Jul 10:41 am
3 bdrms hse  for rent in Spintex, 3,  4,3600 ,Accra,05 Jul 10:39 am
4 bdrms hse for rent in Spintex, 4,  5,3900 ,Accra,05 Jul 10:38 am
4Bedrm+1Bq To Let in Tema com25, 5,  5,1500 ,Greater Accra,05 Jul 10:30 am
House in Deduako, 3,  3,400 ,Kumasi,05 Jul  9:47 am
3 Bedrooms house in Maxima, 3,  3,400 ,Kumasi,05 Jul  9:43 am
4 Bedroom for rent in Adenta Amarhia, 4,  5,1200 ,Accra,05 Jul  9:37 am
House in Kotei, 2,  2,300 ,Kumasi,05 Jul  8:37 am
two bedroom house@spintex, 2,  2,1000 ,Accra,05 Jul  8:28 am
Uncompleted House, lakeside estate, 4,  3,130000 ,Accra,05 Jul  8:12 am
3bedrooms town house, Achimota, 3,  3,1700 ,Accra,05 Jul  7:59 am
a new 4 bedroom house,east legon, 4,  4,5280 ,Accra,05 Jul  7:55 am
Elegant 3 bedrooms East Legon, 3,  3,5200 ,Accra,05 Jul  4:23 am
2 bedroom house at Spintex., 2,  1,1300 ,Accra,05 Jul  3:20 am
3 bedroom hse@Dervtraco Est. Spintex, 3,  3,2200 ,Accra,05 Jul  3:01 am
Magnificent 5 bedroom East Legon, 5,  6,6315 ,Accra,05 Jul  2:46 am
4 bedroom for Rent at East Legon, 4,  4,7947 ,Accra,05 Jul  2:17 am
5Bedroom House Airport, 5,  6,10000 ,Accra,05 Jul  2:06 am
5 bed via 2 bedroom Ajirigano, 5,  6,12690 ,Accra,05 Jul  2:03 am
Executive 4 bedrooms 1 bqs at east legon, 4,  6,12900 ,Accra,05 Jul  1:58 am
3 bedroom house for rent at adjiriganor, 3,  3,3500 ,Accra,05 Jul  1:43 am
3 Bedroom Self Compound Frafraha, 3,  3,1800 ,Accra,05 Jul 12:26 am
4 bedroom house with pool in Cantonments, 4,  4,29800 ,Accra,04 Jul 10:01 pm
Renovated 3 bedroom house East Airport, 3,  4,3100 ,Accra,04 Jul  6:29 pm
3-BEDROOM HOUSE FOR RENT, TEMA, 3,  2,2000 ,Greater Accra,04 Jul  6:17 pm
Furnished House for rent Cantonments, 4,  4,19800 ,Accra,04 Jul  5:07 pm
3 bedroom house at East legon hills, 3,  4,2000 ,Accra,04 Jul  4:47 pm
Exec.3 B/R at Ashongman Bridge, 3,  4,1400 ,Accra,04 Jul  4:20 pm
2 Bedroom House  for rent in Oyibi, 2,  3,500 ,Accra,04 Jul  4:09 pm
4 BEDROOM HOUSE, Osu, 4,  4,28000 ,Accra,04 Jul  4:06 pm
6 bedroom + 3 bed outhouse in East Legon, 6,  6,11300 ,Accra,04 Jul  3:56 pm
5 BEDROOMS HOUSE AMASAMA, 5,  4,1400 ,Greater Accra,04 Jul  3:55 pm
Newly Built 2 Bedroom House Agyiringanor, 2,  1,1000 ,Accra,04 Jul  3:33 pm
4BEDROM HUSE 4 RENT @East legon, 4,  5,1700 ,Accra,04 Jul  3:17 pm
Exec 3bedrooms house at Oyarifa, 3,  3,1300 ,Accra,04 Jul  3:16 pm
4 bedroom+2 living Rooms at East Legon, 4,  5,7947 ,Accra,04 Jul  3:09 pm
FURNISHED 6BEDROOM HOUSE@East legon, 6,  7,12000 ,Accra,04 Jul  3:08 pm
3bedroom house in Nungua, 3,  2,1500 ,Accra,04 Jul  3:03 pm
Furnished 3Bedrm 2 Let in Casilda Estate, 3,  3,3000 ,Greater Accra,04 Jul  2:59 pm
2BEDROOM HOUSE@East legon, 2,  3,1200 ,Accra,04 Jul  2:39 pm
3 bedroom house for rent @ Spintex, 3,  3,3200 ,Accra,04 Jul  2:24 pm
4 bedroom house for rent @ Batsonaa, 4,  4,3500 ,Accra,04 Jul  1:59 pm
4 bedroom house in East Legon A&C Mall, 4,  4,16000 ,Accra,04 Jul  1:44 pm
Fresh 2,BRM.Self.C.@ adenta frafraha, 2,  3,720 ,Accra,04 Jul  1:17 pm
Furnished 3 bedroom for rent @ Spintex, 3,  3,6700 ,Accra,04 Jul 12:18 pm
3 bedroom house @spintex, 3,  3,2200 ,Accra,04 Jul 12:16 pm
Exe furnished 4 bedroom w pool,spintex, 4,  4,11250 ,Accra,04 Jul 11:58 am
Executive 4 Bedroom house@Behind trade, 4,  3,6000 ,Accra,04 Jul 11:41 am
Executive 3 Bedroom House Cantonments, 3,  3,12000 ,Accra,04 Jul 11:07 am
Executive 4 Bedroom house@Cantonments, 4,  4,16000 ,Accra,04 Jul 11:05 am
2 bedroom House for Rent in Oyarifa, 2,  3,800 ,Accra,04 Jul 10:27 am
3 bedroom house at east legon, 3,  3,2800 ,Accra,04 Jul  9:43 am
3 bedroom house at teshie nungua, 3,  3,800 ,Accra,04 Jul  9:38 am
three bedroom self compound, spintex, 3,  2,1000 ,Accra,04 Jul  9:36 am
3 bedroom house at Adjiriganor, 3,  4,2000 ,Accra,04 Jul  8:27 am
executive 3 B/R at sch junc.est legon, 3,  4,3440 ,Accra,04 Jul  8:21 am
executive 3 b/r 1 bqsat east legon, 3,  4,4300 ,Accra,04 Jul  8:20 am
4 Bedroom Estate House in Adjiringanor, 4,  4,12000 ,Greater Accra,04 Jul  8:05 am
Five Bedroom House For Rent @Ofankor B, 5,  3,2600 ,Accra,04 Jul  7:13 am
Executive 6 bedroom house in North Legon, 6,  6,20000 ,Accra,03 Jul  5:55 pm
4 bedroom house in Airport Residential, 4,  4,20000 ,Accra,03 Jul  5:32 pm
2 bedroom house for sale at Amasaman, 2,  2,290000 ,Accra,03 Jul  5:12 pm
2 bed self comp.in Dome 4 rent, 2,  1,700 ,Accra,03 Jul  5:12 pm
3 bedroom townhouse in Cantonments Accra, 3,  3,12000 ,Accra,03 Jul  5:00 pm
10 bedroom furnished house in East Legon, 10,  10,16000 ,Accra,03 Jul  4:58 pm
7 bedroom house with 2BQ in Adjiringanor, 7,  7,16000 ,Accra,03 Jul  4:56 pm
3MASTER BRM AT OYARIFA RENTAL, 3,  4,1300 ,Accra,03 Jul  4:33 pm
4 BEDROOM HOUSE DZORWULU, 4,  4,18000 ,Accra,03 Jul  3:32 pm
4 BEDROOM HOUSE FOR RENT, 4,  4,18000 ,Accra,03 Jul  3:29 pm
4 BEDROOM HOUSE FOR RENT, 4,  4,18000 ,Accra,03 Jul  3:27 pm
4 BEDROOM HOUSE Ridge, 4,  4,18000 ,Accra,03 Jul  3:25 pm
5 bedroom townhouse@ridge, 5,  5,24000 ,Accra,03 Jul  3:21 pm
FOUR MASTER BEDROOMS @Takoradi, 4,  4,1000 ,Sekondi Takoradi,03 Jul  2:39 pm
three bedroom self compound @teshie, 2,  3,1000 ,Accra,03 Jul  2:36 pm
House For Rent @ Dome, 5,  3,1600 ,Accra,03 Jul  2:13 pm
Swimming pool house to let at East Legon, 5,  5,10500 ,Accra,03 Jul  2:01 pm
7bedroom house for rent eastlegon, 7,  7,6800 ,Accra,03 Jul  1:59 pm
3 bedroom estate house in Oyarifa Accra, 3,  2,2500 ,Accra,03 Jul  1:58 pm
House for Rent @ Ashaley Botwe, 3,  2,1200 ,Accra,03 Jul  1:44 pm
3B / hse 4 rent at east legon., 3,  3,2000 ,Accra,03 Jul 11:57 am
3 bedroom house in Abokobi, 3,  2,1200 ,Accra,03 Jul 11:08 am
3 bedroom house lakeside estates, 3,  2,1400 ,Accra,03 Jul 11:04 am
6 Bedroom Pool House in East Legon A&C, 6,  5,15200 ,Accra,03 Jul 10:42 am
4bedroom house at abelemkpe, 4,  4,4000 ,Accra,03 Jul 10:24 am
Adjiringanor 6 Bedroom House, 6,  5,7955 ,Accra,03 Jul 10:22 am
Ashaley Botwe 3 Bedroom House, 3,  2,1260 ,Accra,03 Jul 10:17 am
5  bedroom @gulf city, 5,  4,4400 ,Greater Accra,03 Jul  9:31 am
Uncomplicated house for rent@oyibi, 3,  3,700 ,Accra,03 Jul  8:47 am
Furnished 4 bedroom to let,Ashale botwe, 4,  4,5000 ,Accra,03 Jul  7:47 am
4bedroom house at north kaneshie, 4,  4,5000 ,Accra,03 Jul  7:46 am
3 bed room house self compoun, botwe, 3,  4,2000 ,Accra,03 Jul  1:01 am
6 bedroom house in Airport Residential, 6,  6,14000 ,Accra,02 Jul  2:44 pm
3 Bedrooms House Devtracco, 3,  2,1540 ,Greater Accra,01 Jul  4:44 pm
Executive 5 Bedroom House,West Legon, 5,  6,7000 ,Accra,01 Jul  2:30 am
9 Bedrooms Exeuctive House, Sakumano, 9,  7,11000 ,Accra,01 Jul  2:29 am
Ex 4 Bedroom house at East legon, 4,  4,6000 ,Accra,30 Jun  8:17 pm
3 bedroom house in Kokrobite, 3,  3,600 ,Accra,30 Jun  7:33 pm
Ex 3 hse + One boys quarter @Airport, 3,  4,18000 ,Accra,30 Jun  4:36 pm
4 bedroom house @adjiriganor, 4,  4,6450 ,Accra,30 Jun  4:34 pm
Ex 3B/ Town hses 4 rent.@Adenta, 3,  4,1200 ,Accra,30 Jun  4:31 pm
4 bedroom house at Trasacco, 4,  3,8600 ,Accra,30 Jun  4:29 pm
4 bedroom townhouse to let Dzorwulu, 4,  4,17539 ,Accra,30 Jun  4:09 pm
4 bedroom townhouse to let cantonment, 4,  4,17539 ,Accra,30 Jun  4:02 pm
5bedrooms for rent@ east legon UPS, 5,  6,13200 ,Accra,30 Jun  3:36 pm
Executive 6bedrooms for rent@ Dzorwulu, 6,  6,52800 ,Accra,30 Jun  2:59 pm
5 Bedroom house for rent- Adjiringanor, 5,  4,5800 ,Accra,30 Jun  2:56 pm
18 BEDROOM HOUSE FOR RENT, KWASHIEMAN, 10+,  10+,4330 ,Accra,30 Jun  2:36 pm
6 BEDROOM HOUSE FOR RENT, DZORWULU, 6,  4,12124 ,Accra,30 Jun  2:24 pm
3bedrooms at manet court, 3,  2,3000 ,Accra,30 Jun  2:15 pm
4bedroom house @North Kaneshie, 4,  3,2500 ,Accra,30 Jun  1:52 pm
Exec 7bedrooms house Adjiriganor, 7,  7,6563 ,Greater Accra,30 Jun  1:26 pm
Executive 4Bedroom Hse, Royal Estate C25, 4,  4,4000 ,Greater Accra,30 Jun  1:14 pm
3bedroom furnished house @McCarthy Hill, 3,  3,3010 ,Accra,30 Jun  1:06 pm
4 bedroom townhouse at Cantonments, 4,  4,16000 ,Accra,30 Jun 10:17 am
4 bedroom house at Dzorwulu, 4,  4,15200 ,Accra,30 Jun 10:07 am
4 bedrooms townhouse in Cantonments, 4,  4,15200 ,Accra,30 Jun 10:04 am
3 bedroom house -East legon, 3,  2,2000 ,Accra,30 Jun  9:50 am
3 Bedroom self compound in Kasoa, 3,  3,800 ,Accra,30 Jun  8:11 am
4bedrooms for rent at spintex, 4,  4,11000 ,Accra,30 Jun  8:01 am
8 bedroom house at comm 25, 8,  8,43000 ,Greater Accra,29 Jun  8:57 pm
EX 4 B/ hse 4rent. East legon, 4,  5,7000 ,Accra,29 Jun  6:26 pm
Ex 4 B/ Hse 4 rent . East legon, 4,  5,4800 ,Accra,29 Jun  6:06 pm
Uncompleted House for sale -dome, 3,  3,300000 ,Accra,29 Jun  6:05 pm
5 bedroom house for rent at airport, 5,  6,20000 ,Accra,29 Jun  5:14 pm
3 Bedroom House Ensuite Madina, 3,  3,2400 ,Accra,29 Jun  5:01 pm
5bedroom with 2bed B/Q at Airport, 5,  5,16000 ,Accra,29 Jun  4:55 pm
3 bedroom house at Spintex, 3,  2,7200 ,Accra,29 Jun  4:47 pm
Very nice 4 bedroom house Frafraha., 4,  2,1500 ,Accra,29 Jun  4:28 pm
Furnished 4 Bedroom house East legon, 4,  4,17200 ,Accra,29 Jun 10:33 am
3bedroom House IN TEMA, 3,  2,1600 ,Greater Accra,29 Jun 10:21 am
6 BEDROOM HOUSE-Adgiringanor, 6,  6,8600 ,Accra,29 Jun  9:36 am
Furnished house to let atAdjiringanor, 5,  5,9500 ,Accra,29 Jun  8:29 am
3bed town house at Adenta SDA, 3,  4,1500 ,Accra,29 Jun  6:41 am
Exec 3bedrooms self compound Oyarifa, 3,  3,1300 ,Accra,29 Jun  6:35 am
Swimming pool house to let at N. Ridge, 5,  5,21500 ,Accra,29 Jun  5:28 am
A Luxurious 5 bedroom house East Legon, 5,  5,7920 ,Accra,28 Jun  8:14 pm
4 bedroom house to let at cantonment, 4,  4,13183 ,Accra,28 Jun  4:58 pm
2 Bedroom House Awuta Senya, 2,  1,500 ,Central,28 Jun  4:47 pm
5 bedrooms estate house at East Legon, 5,  5,18000 ,Accra,28 Jun  4:38 pm
5 Bedroom Self compound weija, 5,  5,1400 ,Accra,28 Jun  4:36 pm
3 bedroom house at East Legon, 3,  4,4500 ,Accra,28 Jun  4:06 pm
4 bedroom house to let at Dzorwulu, 4,  4,8788 ,Accra,28 Jun  3:59 pm
5 bedroom house to let at East Legon, 5,  5,18000 ,Accra,28 Jun  3:56 pm
Neat 3 bedroom house in Oyarifa, 3,  3,1200 ,Accra,28 Jun  3:00 pm
Decent 2 bed room s/c in Oyarifa, 2,  2,1000 ,Accra,28 Jun  2:38 pm
two bed room house in East Legon, 2,  2,1200 ,Accra,28 Jun  2:14 pm
Decent 3 bedroom house in Dzorwulu, 3,  2,1500 ,Accra,28 Jun  2:06 pm
Executive 4 B/R 1 BQS at east legon, 4,  5,12900 ,Accra,28 Jun 12:47 pm
4 B/R 1 BQS swim pool at east legon, 4,  5,17200 ,Accra,28 Jun 12:35 pm
executive 4 B/R 1 BQS  at old ashongman, 4,  4,2500 ,Accra,28 Jun 12:25 pm
4 bdrms hse for rent in Airport area, 4,  5,19350 ,Accra,28 Jun 12:25 pm
2 bedroom house for rent dome, 2,  1,600 ,Accra,28 Jun  9:47 am
3 Bedrooms house for rent @adjiringanor, 3,  3,3500 ,Accra,28 Jun  9:08 am
3bed executive house for rent at adenta, 3,  4,1500 ,Accra,28 Jun  7:12 am
Executive 5 bedrooms house,W Trassacco, 4,  4,5300 ,Accra,28 Jun  2:36 am
3 BEDROOMS HOUSE AMASAMAN, 3,  2,600 ,Greater Accra,27 Jun  6:45 pm
4 BEDROOMS HOUSE IN ADENTA, 4,  2,2000 ,Greater Accra,27 Jun  6:33 pm
2 BEDROOM HOUSE AT KUNTUSIE, 2,  1,500 ,Greater Accra,27 Jun  6:12 pm
3 BEDROOM HOUSE FOR RENT AT AIRPORT, 3,  3,15050 ,Accra,27 Jun  4:49 pm
6 Bedroom House at East Legon Renting, 6,  5,22000 ,Accra,27 Jun  2:31 pm
Executive 3bedrooms house La paz, 3,  1,900 ,Accra,27 Jun  1:31 pm
executive self compound IN ADENTA, 4,  2,1400 ,Accra,27 Jun  1:03 pm
West Legon 4 Bedrooom House, 4,  4,10756 ,Accra,27 Jun 12:20 pm
Four Bedroom house in Adjiringanor, 4,  4,10915 ,Accra,27 Jun 12:19 pm
3 Bedroom House in adjiringanor, 3,  3,3280 ,Accra,27 Jun 12:09 pm
4 Bedroom House To Let At Airport, 4,  4,2000 ,Accra,27 Jun 12:06 pm
Three Bedroom House in Spintex, 3,  2,2870 ,Accra,27 Jun 11:30 am
Four Bedroom in Trasacco, 4,  4,12300 ,Accra,27 Jun 11:09 am
Three Bedroom House in East Legon, 3,  3,6300 ,Accra,27 Jun 11:06 am
Furnished 3 bedroom at Abokobi, 3,  2,1150 ,Accra,27 Jun 10:00 am
3 Bedroom @ Tema Michelle Camp - No.1, 3,  2,900 ,Greater Accra,27 Jun  9:32 am
4 BEDROOM EXEC. HOUSE IN EAST LEGON, 4,  5,9000 ,Accra,27 Jun  9:09 am
13 bedroom furnished house in East Legon, 10+,  10+,20000 ,Accra,26 Jun  8:57 pm
4 bedroom swimming pool house in Airport, 4,  4,20000 ,Accra,26 Jun  8:50 pm
4 bedroom house in East Airport, 4,  4,10000 ,Accra,26 Jun  8:46 pm
4 bedroom house at Adjiganor, 4,  4,2000 ,Accra,26 Jun  7:48 pm
6 bedroom house at Spintex Road, 6,  6,16000 ,Accra,26 Jun  4:24 pm
6 bedroom house at Flower Pot Spintex Rd, 6,  6,9600 ,Accra,26 Jun  4:20 pm
4 bedroom townhouse in Airport, Accra, 4,  4,16800 ,Accra,26 Jun  3:57 pm
4 bedroom Townhouse, Airport, 4,  4,17682 ,Accra,26 Jun  3:36 pm
5 BEDROOM HOUSE AT ROMAN RIDGE, 5,  5,7300 ,Accra,26 Jun  1:33 pm
3 bedroom Executive House in Oyarifa, 3,  3,2000 ,Accra,26 Jun 12:04 pm
3 bedroom for rent at kwabenya, 3,  2,3000 ,Accra,26 Jun 12:01 pm
3 Bedroom Self Compound For Rent @ Taifa, 3,  3,900 ,Accra,26 Jun 10:57 am
3bedroom selfcompound at spintex, 3,  2,1000 ,Accra,26 Jun  9:05 am
3bedrm selfcompound rent spintex, 3,  2,1500 ,Accra,26 Jun  8:56 am
4 Bedroom House IN Spintex, 4,  2,1500 ,Accra,26 Jun  8:34 am
3 Bedroom House IN Spintex, 3,  2,1000 ,Accra,26 Jun  8:31 am
Executive 3 Bebroom, Dome, 3,  3,2500 ,Accra,26 Jun  5:52 am
5 bedroom 4rent at tesano, 5,  3,6375 ,Accra,26 Jun  1:30 am
Executive four bedrooms, korkdam hotel, 4,  3,4500 ,Accra,26 Jun  1:13 am
4 bedroom house to let at East Legon, 4,  4,8818 ,Accra,25 Jun  6:57 pm
Two bedroom house in Takoradi, 2,  1,300 ,Sekondi Takoradi,25 Jun 12:34 pm
4 bedroom house Airport Residential Area, 4,  4,17637 ,Accra,25 Jun 12:08 pm
TERRACE HOUSE FOR RENT AT TEMA, 2,  1,380 ,Greater Accra,25 Jun 12:04 pm
4 Bedroom House For Rent at Gbawe, Accra, 4,  2,1000 ,Accra,25 Jun  9:13 am
3 bedrooms for rent, East airport, 3,  3,2500 ,Accra,25 Jun 12:31 am
Exe four bedrooms, achimota, 4,  3,4000 ,Accra,25 Jun 12:29 am
Executive house East Legon, 3,  3,5300 ,Accra,24 Jun  6:09 pm
4 B/R 2 BQS AT LABONE, 4,  5,12900 ,Accra,24 Jun  3:31 pm
EXEC.4 B/R 1 BQS AT EAST LEGON, 4,  5,16800 ,Accra,24 Jun  3:01 pm
EXEC.4 B/R 1 BQS AT EAST LEGON, 4,  5,12600 ,Accra,24 Jun  2:33 pm
5 bedroom house for rent at Spintex, 5,  6,4000 ,Accra,24 Jun 12:21 pm
4 bedroom house in Haatso near Westland, 4,  3,4000 ,Accra,24 Jun 10:45 am
2 bed room gated house in Pokuase, 2,  2,1000 ,Accra,24 Jun 10:21 am
3 bedroom house in ACP Estate Pokuase, 3,  2,6000 ,Accra,24 Jun 10:19 am
3 bedroom house in Regimanuel Estates, 3,  2,8000 ,Accra,24 Jun 10:14 am
4 Bedroom town House in Trade Fair, 4,  3,10800 ,Greater Accra,24 Jun 10:12 am
3 Bedrooms & a Hall Spintex road, 3,  2,1500 ,Accra,24 Jun 10:02 am
Exec. 3bedrooms self compound at Oyarifa, 3,  3,1000 ,Accra,24 Jun  9:22 am
3 bedrooms semi detach@botwe, 3,  3,1100 ,Accra,24 Jun  9:21 am
4 Bedroom House at Spintex Road, 4,  3,8000 ,Accra,24 Jun  7:45 am
4 bedroom furnished house in North Ridge, 4,  4,16800 ,Accra,24 Jun  7:30 am
2 bedroom house for rent at achimota, 2,  2,1000 ,Accra,24 Jun  6:04 am
Fur 2bd house, Bawumia Street, 2,  2,4800 ,Accra,24 Jun  2:52 am
4 bedroom for rent at spintex, 4,  5,3600 ,Accra,23 Jun  8:55 pm
4 bedroom house to let at Ringway Estate, 4,  4,11023 ,Accra,23 Jun  7:58 pm
4 bedroom house to let North Ridge, 4,  4,15432 ,Accra,23 Jun  7:27 pm
4 bedroom house for rent at sakora, 4,  4,1600 ,Accra,23 Jun  5:47 pm
An Exec 5 Bedrooms East Legon, 5,  6,4000 ,Accra,23 Jun  4:25 pm
3 BEDROOM HOUSE AT LAKE SIDE ESTATE, 3,  3,2500 ,Accra,23 Jun  3:51 pm
4 Bdrm Hse Renting @ East Legon, 4,  3,8800 ,Accra,23 Jun  2:40 pm
3 bed room s/c in satillite kuntuse, 2,  2,700 ,Greater Accra,23 Jun  2:06 pm
4 bed room s/c in Kaneshie, 4,  4,3000 ,Accra,23 Jun  1:54 pm
Four bedroom house at Barrier Aplaku, 4,  2,800 ,Accra,23 Jun  1:51 pm
Neat two bed room s/c in Oyarifa, 2,  2,1680 ,Accra,23 Jun  1:47 pm
Furnished 5Bedrm To Let in East Legon, 6,  4,13000 ,Accra,23 Jun  1:23 pm
6Bedrm+Pool+3Bq House in East Legon, 9,  6,13000 ,Accra,23 Jun  1:17 pm
3Bedrooms To Let in Devtraco Estate, 3,  2,1900 ,Greater Accra,23 Jun 12:40 pm
3-bedroom semidetached in HO, 3,  3,1500 ,Volta,23 Jun 12:13 pm
three bedroom self compound Teshie, 3,  1,1200 ,Accra,23 Jun 12:12 pm
5 BEDROOM HOUSE Cantonments, 5,  5,21761 ,Accra,23 Jun 11:58 am
4 Bedroom House in Adenta, 4,  3,1500 ,Accra,23 Jun 11:56 am
4 BEDROOM House @ McCarthy Hill, 4,  3,1500 ,Accra,23 Jun 11:36 am
2 bed room s/c in Tesano, 2,  2,800 ,Accra,23 Jun 11:31 am
5 BEDROOM HOUSE IN EAST LEGON TO LET, 5,  5,26000 ,Accra,23 Jun 11:09 am
4 BEDROOM HOUSE FOR RENT IN EAST AIRPORT, 4,  4,11000 ,Accra,23 Jun 10:08 am
8 bedroom house in Akropong-Ksi, 8,  6,5000 ,Ashanti,23 Jun  7:23 am
2bedrm selfcompound 4rent spintex, 2,  1,1000 ,Accra,23 Jun  6:44 am
3 bedroom house to let, kwabenya, 3,  3,2500 ,Accra,23 Jun  6:07 am
4 bedroom house to let at Regimanuel, 4,  3,11000 ,Accra,23 Jun  1:28 am
BIG HOUSE FOR RENT IN OYARIFA, 3,  3,2500 ,Accra,22 Jun  6:55 pm
4 bedroom house for rent at Iron City, 2,  3,1000 ,Accra,22 Jun  5:07 pm
4 bedroom swimming pool house in Airport, 4,  4,20000 ,Accra,22 Jun  5:03 pm
6 BEDROOM HOUSE FOR RENT NORTH, K, 6,  5,6495 ,Accra,22 Jun  4:50 pm
Luxurious four bedrooms Abelemkpe, 4,  5,6000 ,Accra,22 Jun  4:29 pm
4 bedroom house to let asylum down, 4,  4,8821 ,Accra,22 Jun  4:13 pm
4 bedroom house to let kokomlemle, 4,  4,6616 ,Accra,22 Jun  3:39 pm
Furnished 5Bedrm+1Bq To Let in Com25, 6,  6,8000 ,Greater Accra,22 Jun  3:22 pm
7Bedrooms House To Let in Tema com6, 7,  6,9500 ,Greater Accra,22 Jun  3:14 pm
5 bedroom house for rent at East Legon, 5,  4,8700 ,Accra,22 Jun  3:10 pm
5 bedroom for rent at East Legon, 5,  4,21700 ,Accra,22 Jun  3:02 pm
Exe 3 bedroom at spintex mannet, 3,  4,1700 ,Accra,22 Jun  2:56 pm
4 bedroom house at Dzorwulu., 4,  3,2500 ,Accra,22 Jun  2:47 pm
Exec.3 B/R 1 BQS AT WEST LEGON, 3,  4,5040 ,Accra,22 Jun  2:35 pm
Executive 3bedroom house at Adjiringanor, 3,  4,2000 ,Accra,22 Jun  2:35 pm
4 bedroom  to let at Achimota, 4,  3,2000 ,Accra,22 Jun  2:35 pm
3 bedroom s/compound  at East Legon., 3,  3,2500 ,Accra,22 Jun  2:33 pm
2Bedroom fully furn House,east legon, 2,  2,4500 ,Accra,22 Jun 11:32 am
5Bedroom house-north Dzorwulu, 5,  5,6000 ,Accra,22 Jun  9:27 am
6bedrooms for rent at east legon, 6,  6,12600 ,Accra,22 Jun  7:05 am
Chamber and Hall self compound, Achimota, 1,  1,2300 ,Accra,22 Jun  4:59 am
4 bedroom swimming pool house in Airport, 4,  4,16800 ,Accra,22 Jun  1:13 am
4 bedroom townhouse at Trade Fair, 4,  4,10700 ,Accra,22 Jun 12:58 am
4 bedroom townhouse at Cantonments Accra, 4,  4,29800 ,Accra,22 Jun 12:32 am
5Bedroom self compound, Nana Junction, 5,  4,1700 ,Accra,22 Jun 12:18 am
4 bedroom house in Trasacco Valley, 4,  4,24000 ,Accra,21 Jun 11:34 pm
4bedroom for rent at airport, 5,  5,21050 ,Accra,21 Jun 10:31 pm
2 Bedrooms Hse East Legon Hills, 2,  2,1200 ,Accra,21 Jun  9:30 pm
3 bedroom house to let Dzorwulu, 3,  3,4412 ,Accra,21 Jun  9:12 pm
4 bedroom house to let Dzorwulu, 4,  4,6564 ,Accra,21 Jun  9:11 pm
4 Bedroom House in Dzorwulu, 4,  4,19800 ,Accra,21 Jun  8:58 pm
2 bedroom house at Oyarifa, 2,  1,1600 ,Accra,21 Jun  8:29 pm
NEAT FOUR BED HOUSE 4 RENT @ AWOSHIE, 4,  3,850 ,Accra,21 Jun  6:56 pm
Executive 4 Bedroom House East Legon, 4,  4,14700 ,Accra,21 Jun  6:40 pm
Executive 4 Bedroom House Cantonment, 4,  4,21000 ,Accra,21 Jun  6:35 pm
4 Bedroom House For Rent Abokobi, 4,  4,4200 ,Accra,21 Jun  6:20 pm
Kokrobite Beach Front House, 3,  4,5000 ,Accra,21 Jun  4:47 pm
Executive 4 bed for rent at Airport, 4,  3,14700 ,Accra,21 Jun  4:40 pm
Executive 4 bed house  @ East Legon, 4,  3,6300 ,Accra,21 Jun  4:33 pm
7 bedroom house for rent at west legon, 7,  8,8400 ,Accra,21 Jun  4:28 pm
2 bedroom house at Pokuase, 2,  2,700 ,Accra,21 Jun  4:10 pm
A 4 bedroom house -Parakuo, 4,  4,2000 ,Accra,21 Jun  3:37 pm
Exe 4bedroom house at East legon, 4,  5,2000 ,Accra,21 Jun  3:20 pm
Exe 2bedroom house at East legon, 2,  3,1300 ,Accra,21 Jun  3:13 pm
NEW 4 BEDROOM HOUSE east legon, 4,  4,10750 ,Accra,21 Jun  2:58 pm
Exe 2bedroom house East legon, 2,  3,2000 ,Accra,21 Jun  2:57 pm
4 bedroom house at West Trassaco, 4,  4,6000 ,Accra,21 Jun 11:44 am
ADENTA : 3-BEDROOMS . STOREY, 3,  4,1700 ,Accra,21 Jun 10:22 am
5 bedroom house for rent at westhills, 5,  4,1500 ,Accra,21 Jun  9:52 am
3 bedroom for rent at Devtraco C25, 3,  2,2500 ,Accra,21 Jun  9:50 am
Ex2B/ hse 4 rent .East legon, 2,  1,1500 ,Accra,21 Jun  8:40 am
4 bed rooms self contain ofankor, 4,  4,900 ,Accra,21 Jun  8:03 am
A 5 bedroom house for rent at Haatso, 5,  6,2500 ,Accra,21 Jun  6:24 am
Delightful 4 bedrooms house Spintex, 4,  4,2800 ,Accra,21 Jun  6:10 am
Newly 3bedrooms house at Spintex, 3,  3,2600 ,Accra,21 Jun  6:06 am
A 4 bedroom house at Dome, 6,  5,3800 ,Accra,21 Jun  6:02 am
nice 2bed self compound at Dansoman., 3,  2,1000 ,Accra,21 Jun  6:01 am
4 bedrooms to let at spintex, 4,  4,5000 ,Accra,21 Jun  2:57 am
3bedroom House in  Airport, 3,  4,13200 ,Accra,21 Jun  2:31 am
Ex 5 B hse 4 rent at East L / hills., 5,  6,4000 ,Accra,21 Jun  1:57 am
3 bedrooms house at East Airport, 3,  2,5400 ,Accra,20 Jun  8:07 pm
5 Bdrm Hse for Rent @ East Legon, 5,  4,8000 ,Accra,20 Jun  6:46 pm
Executive 3 bedrooms house Spintex, 3,  3,2500 ,Accra,20 Jun  6:37 pm
3Bedroom Fully Furnished House, Tema, 3,  2,3960 ,Greater Accra,20 Jun  4:18 pm
5bedrooms swimming pool East legon, 5,  5,21050 ,Accra,20 Jun  4:04 pm
4bedroom house at east legon, 4,  4,10523 ,Accra,20 Jun  3:06 pm
4 Bedroom House at North Kaneshie, 4,  3,5040 ,Accra,20 Jun  3:03 pm
3 bedroom house@Spintex, 3,  3,7200 ,Accra,20 Jun  1:32 pm
6 BEDROOM HOUSE AT EAST LEGON, 6,  5,9460 ,Accra,20 Jun  1:16 pm
4 bedroom house in airport residential, 4,  5,13000 ,Accra,20 Jun  1:09 pm
4 bedroom house for rent at East Legon, 4,  4,7200 ,Accra,20 Jun  1:05 pm
4 Bedroom House  For Rent @ Tema, 4,  3,1400 ,Greater Accra,20 Jun 12:52 pm
4 bedrooms house in East legon for rent, 4,  4,9500 ,Accra,20 Jun 12:24 pm
4Bedroom House at East legon, 4,  4,6000 ,Accra,20 Jun 10:57 am
8 bedroom house in East Legon prime area, 8,  7,14000 ,Accra,20 Jun 10:01 am
11 bedroom house in Tema SOS, 10+,  10+,12800 ,Greater Accra,20 Jun  9:07 am
5 bedroom house in East Legon Galaxy Sch, 5,  5,16000 ,Accra,20 Jun  9:02 am
Ex 4 bedroom house IN Spintex, 4,  3,2500 ,Accra,20 Jun  8:33 am
6 bedroom house in East Airport Resident, 6,  6,10800 ,Accra,20 Jun  8:22 am
2 bedroom house IN Achimota, 2,  1,1000 ,Accra,20 Jun  7:00 am
4Bedrooms House To Let in Afienya, 4,  3,800 ,Greater Accra,20 Jun  6:56 am
3 BEDROOM   HOUSE AT DARKUMAN, 3,  2,1500 ,Accra,20 Jun  4:26 am
Furnished House For Rent Tesano, 2,  2,5000 ,Accra,20 Jun  4:10 am
3 BDRM House For Rent Dzorwulu, 3,  3,5000 ,Accra,20 Jun  4:09 am
3bedrooms furnish @adenta, 3,  3,2700 ,Accra,20 Jun  1:57 am
6Bedroom House Gimpa, 6,  6,4200 ,Accra,19 Jun 11:03 pm
Three bedroom house @Ashongman, 3,  3,1500 ,Accra,19 Jun  8:56 pm
Three bedroom house @Ashongman, 3,  3,1800 ,Accra,19 Jun  8:45 pm
4 bed Swimming pool House at East Legon, 4,  4,16000 ,Accra,19 Jun  7:06 pm
Executive 4 Bedrooms@adjiringano, 4,  5,6880 ,Accra,19 Jun  2:56 pm
3 BEDROOM HOUSE -East Legon, 3,  3,7740 ,Accra,19 Jun  1:48 pm
Exec. 5 B/R 1 BQS at  Madina Obojoo, 5,  6,4200 ,Accra,19 Jun 12:50 pm
seven bedroom hse for rent at Ahodwo, 7,  7,12000 ,Kumasi,19 Jun 12:45 pm
Newly built 3BEDROOM @East Legon, 3,  2,1400 ,Accra,19 Jun  9:38 am
Executive 3bed at Spintex, 3,  3,2500 ,Accra,19 Jun  9:33 am
Exe 3bedroom with 2bed bq, East Legon, 3,  4,1600 ,Accra,19 Jun  7:34 am
4 BEDROOM HOUSE IN ROMAN RIDGE, 4,  4,5000 ,Accra,19 Jun  6:58 am
4 bedroom house in Cantonments Accra, 4,  4,15000 ,Accra,18 Jun  8:07 pm
5 bedroom swimming pool house in Ridge, 5,  5,21000 ,Accra,18 Jun  5:38 pm
4 bedroom swimming pool house in Accra, 4,  4,16000 ,Accra,18 Jun  5:24 pm
5 bed self compound at East legonhills, 5,  4,2200 ,Accra,18 Jun  5:09 pm
Brand new four bedrooms@Ofankor, 4,  3,1500 ,Greater Accra,18 Jun 12:26 pm
5 bedroom house at Tema, 5,  4,2000 ,Greater Accra,17 Jun  6:13 pm
three bedrooms house-West Legon, 3,  4,2500 ,Accra,17 Jun  5:05 pm
Exc 2B/room self compound-spintex, 2,  2,2800 ,Accra,17 Jun  4:12 pm
3 master bedroom house IN east airport, 3,  3,3000 ,Accra,17 Jun 10:44 am
Five bed  room house for rent. airport, 5,  4,23925 ,Accra,16 Jun 11:43 pm
A 4 bedroom house for rent at Apollo, 3,  2,600 ,Sekondi Takoradi,16 Jun  6:13 pm
3 Bedroom Self Compound @ Adenta, 3,  2,1200 ,Accra,16 Jun  5:28 pm
5 bed house for rent at Adenta, 5,  3,2000 ,Accra,16 Jun  5:03 pm
3 BEDROOM HOUSE FOR RENT AT KORLE-BU, 3,  2,6450 ,Accra,16 Jun  4:36 pm
East Airport 4 Bedroom House, 4,  4,7250 ,Accra,16 Jun  4:16 pm
Furnished Three Bedrooms House Peduase, 3,  3,7000 ,Eastern,16 Jun  3:12 pm
spacious 2 bed house-East legon, 2,  1,2000 ,Accra,16 Jun  2:25 pm
3 Bedroom Storey With 4 Bathrooms, 3,  4,1600 ,Accra,16 Jun  2:15 pm
Executive 5Bedroom @East Legon, 5,  5,1700 ,Accra,16 Jun  2:01 pm
1 bed furnished house at East Legon, 1,  1,7200 ,Accra,16 Jun  1:19 pm
4 bedroom house to let in Cantonments, 4,  4,26000 ,Accra,16 Jun  1:10 pm
Executive 3Bedroom House east legon, 3,  3,5500 ,Accra,16 Jun  1:03 pm
3-Bedroom self compound@East Legon,, 3,  3,3000 ,Accra,16 Jun 12:57 pm
3 Bedrooms Hse for rent. East legon, 3,  3,1500 ,Accra,16 Jun 12:52 pm
East Legon 4 Bedroom House, 4,  4,6880 ,Accra,16 Jun 12:45 pm
Adjiringanor 3 Bedroom House, 3,  3,5268 ,Accra,16 Jun 12:06 pm
2 bedroom house for rent at Tema, 2,  1,1900 ,Accra,16 Jun 11:53 am
An executive 2bed self com. comm 25, 2,  1,1800 ,Accra,16 Jun 11:23 am
Chamber and Hall self compound Lakeside, 1,  1,400 ,Accra,16 Jun 11:22 am
5 BEDROOM HOUSE FOR RENT AT ACHIMOTA, 5,  3,2000 ,Accra,16 Jun 10:49 am
House in manet vicinity, 5,  5,3800 ,Accra,16 Jun 10:12 am
An exe 3bd +1bq 4 rent East legon, 3,  3,2000 ,Accra,16 Jun  8:53 am
An Exe. 2bd 4 East lrgon, 2,  2,1300 ,Accra,16 Jun  8:24 am
EXE 8 BEDROOMS HOUSE ABELEMKPE, 8,  7,10000 ,Accra,16 Jun  7:42 am
EXE 6 BEDROOMS S.COMPOUND, 6,  6,6000 ,Accra,16 Jun  7:26 am
EXE 5 BEDROOM HOUSE MARWAKO, 5,  5,3000 ,Accra,16 Jun  7:19 am
EXE 3BEDRM S.COMPOUND ABELEMKPE, 3,  3,4500 ,Accra,16 Jun  7:16 am
Ex 3B/ hse 4 rent at east legon., 3,  3,4800 ,Accra,15 Jun  4:05 pm
New 2brm House at Kasoa, 2,  1,600 ,Central,15 Jun  3:24 pm
selfcompound hse lakeside, 1,  1,400 ,Accra,15 Jun  3:21 pm
Ex 2B/Hse 4 rent East legon Hills, 2,  2,1300 ,Accra,15 Jun  3:12 pm
Furnished 4 Bedroom House at East legon, 4,  5,16000 ,Accra,15 Jun  3:11 pm
Ex3B/hse 4 rent at East legon, 4,  4,1500 ,Accra,15 Jun  3:08 pm
A four Bedrooms house Adenta, 4,  2,1600 ,Accra,15 Jun  2:22 pm
3BEDRM SELFCOMPOUND-ABAVANA, 3,  2,1400 ,Accra,15 Jun  1:03 pm
3BEDROOM with 1Bed bq, east legon, 3,  2,3500 ,Accra,15 Jun 12:30 pm
Executive 3 bedroom house at east legon, 3,  3,4800 ,Accra,15 Jun 12:06 pm
3 bedrooms house East legon, 3,  3,4800 ,Accra,15 Jun 12:00 pm
4Bedroom self Compound Botwe, 4,  4,2000 ,Accra,15 Jun 11:26 am
Furnished House to let at East Legon, 4,  4,10500 ,Accra,15 Jun 11:24 am
3 Bedroom Pool House in East Legon A&C, 3,  3,14000 ,Accra,15 Jun 10:55 am
6BED S.COMPOUNd ABELEMKPE, 6,  5,6000 ,Accra,15 Jun 10:32 am
6 bedroom house near Koala Shop, Airport, 6,  6,32000 ,Accra,15 Jun 10:13 am
5 bedroom house to let at East Legon, 5,  4,12000 ,Accra,15 Jun 10:00 am
3 bedroom house for rent in east-legon, 3,  2,2300 ,Accra,15 Jun  9:22 am
4 bedroom swimming pool @ Airport, 4,  4,20000 ,Accra,15 Jun  9:04 am
house at labone, 7,  5,11000 ,Accra,15 Jun  8:55 am
Emefs Estate House To Let at Tema, 3,  3,2000 ,Greater Accra,15 Jun  8:49 am
FLAT AT SUNYANI, 1,  1,300 ,Brong-Ahafo,15 Jun  8:43 am
New house for Rent at East legon, 3,  4,6000 ,Accra,15 Jun 12:58 am
3 Bedroom house, Opogana,, 3,  2,4800 ,Accra,15 Jun 12:34 am
Executive 3bed self compound east legon, 3,  2,2500 ,Accra,14 Jun  9:58 pm
1yr 3bedrooms house Oyibi, 3,  2,850 ,Greater Accra,14 Jun  9:06 pm
4 bedroom house to let in Cantonments, 4,  4,12000 ,Accra,14 Jun  6:59 pm
3 bedroom house for rent at Accra, 3,  3,1000 ,Accra,14 Jun  6:41 pm
New house for Rent at East legon, 4,  5,10000 ,Accra,14 Jun  5:31 pm
New house for Rent at East legon, 4,  5,10000 ,Accra,14 Jun  4:21 pm
5 BEDROOM FULLY FUR HOUSE, Takoradi, 5,  4,7000 ,Sekondi Takoradi,14 Jun  3:21 pm
4 BEDROOM HOUSE DZORWULU, 4,  4,4200 ,Accra,14 Jun  2:42 pm
4 bedroom estate house in Adjiringanor, 4,  4,5600 ,Accra,14 Jun  1:53 pm
3 Bedroom House @ Sheshagu, 3,  2,800 ,Northern,14 Jun  1:23 pm
2 bedrooms house in Kuntusie, 2,  1,480 ,Greater Accra,14 Jun 12:54 pm
3 BEDROOMS HOUSE IN AMASAMA, 3,  2,700 ,Greater Accra,14 Jun 12:18 pm
four bedroom house for rent at Haatso, 4,  4,2500 ,Accra,14 Jun 11:36 am
3bedroom+3bedrooms outhouse Tesano, 6,  4,6450 ,Accra,14 Jun 10:35 am
Fur 4bed +3bed outhouse, Laterbioshie, 4,  3,8600 ,Accra,14 Jun 10:14 am
3bedrom House 4rent Spintex, 3,  2,1600 ,Accra,14 Jun  8:57 am
4 Bedroom House (Monthly  Rent), 6,  3,2990 ,Accra,13 Jun  6:32 pm
3bedroom self compound at Ogbojo, 3,  3,2500 ,Accra,13 Jun  4:34 pm
4 bedrooms s/c house to let dzorwulu, 4,  4,8773 ,Accra,13 Jun  4:30 pm
3 Bedroom House with B/Q,SPINTEX, 3,  3,2500 ,Accra,13 Jun  4:09 pm
fully furnished 3bed house, Spintex, 3,  2,7000 ,Accra,13 Jun  3:49 pm
3 bed for rent at Ogobojo, 3,  3,3000 ,Accra,13 Jun  3:46 pm
A self compound house at East legonhills, 2,  3,1200 ,Accra,13 Jun  3:38 pm
4bedroom house Mile 7, 4,  3,1200 ,Accra,13 Jun  2:50 pm
A very nice 3bed self compound at Ars, 3,  3,3000 ,Accra,13 Jun  2:11 pm
6 bedroom house at Cantonments, 6,  6,13208 ,Accra,13 Jun 12:36 pm
Five Bedrooms For Rent @ Asuakwa, 5,  4,600 ,Brong-Ahafo,13 Jun 11:56 am
3 bedroom house@Ashongman, 3,  3,1700 ,Accra,13 Jun 10:51 am
East Legon 3 Bedroom House, 3,  2,2195 ,Accra,13 Jun 10:20 am
4 bedroom house Spintex, 4,  2,1200 ,Accra,13 Jun  7:31 am
Furnished 5Bedrm To Let in East Legon, 6,  4,13000 ,Accra,13 Jun  4:46 am
Executive 5 bedrooms house East legon, 5,  4,2500 ,Accra,12 Jun  9:58 pm
Executive 3 bedrooms Ashaley botwe, 3,  3,3200 ,Accra,12 Jun  9:56 pm
Estate House for Rent, 3,  2,2500 ,Accra,12 Jun  7:04 pm
4 bedroom house to let East Legon, 4,  4,8773 ,Accra,12 Jun  4:28 pm
4Bedrm+1Bq To Let in Tema com25, 5,  5,2000 ,Greater Accra,12 Jun  4:14 pm
house  for rent, 5,  9,5000 ,Accra,12 Jun  3:45 pm
4 bedrooms 1 bqs at old ashongman, 4,  5,2500 ,Accra,12 Jun 11:58 am
4 bedroom house in Cantonments near GIS, 4,  4,14400 ,Accra,12 Jun 10:52 am
5 bedroom house in Adjiringanor E.Legon, 5,  5,10400 ,Accra,12 Jun 10:29 am
EXECUTIVE  5 B/R 2 BQS  AT RIDGE, 5,  6,21000 ,Accra,12 Jun 10:21 am
An Executive 3bd Hus. For Rent@ Ars, 3,  3,2500 ,Accra,12 Jun  9:06 am
1Bedroom/bath/hall/kitchen/store/veranda, 1,  1,500 ,Accra,12 Jun  9:00 am
Furnished Estates House to let at Labadi, 4,  4,10800 ,Accra,12 Jun  8:52 am
4 bedroom with swimming pool Cantonments, 4,  4,29900 ,Accra,12 Jun  8:46 am
4 bedrooms hse at Cantonments Accra, 4,  4,12100 ,Accra,12 Jun  8:24 am
5 bedroom swimming pool house at Ridge, 5,  5,29800 ,Accra,12 Jun  8:22 am
5 bedrms house for rent in Achimota, 5,  6,5200 ,Accra,11 Jun  8:02 pm
4 bedroom house in Adjiringanor, Accra, 4,  4,10400 ,Accra,11 Jun  6:59 pm
4 bedroom estate house in Cantonments, 4,  4,16800 ,Accra,11 Jun  6:56 pm
4 bedroom house in Airport Residential, 4,  4,24000 ,Accra,11 Jun  6:27 pm
4  house for rent in East Legon, 4,  5,7000 ,Accra,11 Jun 12:42 pm
3 bedrooms house for rent in Spintex, 3,  4,3500 ,Accra,11 Jun 11:58 am
3 bedrooms house for rent in Nungua, 3,  2,1100 ,Accra,11 Jun 11:53 am
4 bedrooms house for rent in Spintex, 4,  5,8600 ,Accra,11 Jun 11:42 am
4 bedrooms house for rent in Spintex, 4,  5,3500 ,Accra,11 Jun 11:31 am
3 bedrooms house for rent in Spintex, 3,  4,2300 ,Accra,11 Jun 11:25 am
4 bedrooms house for rent in Spintex, 4,  5,3600 ,Accra,11 Jun 11:11 am
4 BEDROOMS  HOUSE@ACHIMOTA, 4,  3,1200 ,Accra,11 Jun 10:57 am
4 bedrooms for rent in Spintex, 4,  5,6900 ,Accra,11 Jun 10:55 am
4 bedrooms house for rent@spintex, 4,  5,3800 ,Accra,11 Jun 10:32 am
4 bedroom house with pool in Cantonments, 4,  4,16000 ,Accra,11 Jun  9:01 am
Executive 3B/Hse 4 Rent Lakeside estate., 3,  3,2500 ,Accra,11 Jun  6:58 am
4 bed room house  for rent east  legon, 4,  3,2200 ,Accra,11 Jun  5:45 am
3 BEDROOM EXEC. HOUSE IN EAST LEGON, 3,  3,2700 ,Accra,10 Jun  8:44 pm
Executive 4B /Hse Ashaley botwe, 4,  5,2000 ,Accra,10 Jun  7:29 pm
An Executive 3bd House@East Legon, 3,  3,3200 ,Accra,10 Jun  3:49 pm
Executive 3B Hse 4 rent East legon, 3,  2,3000 ,Accra,10 Jun  3:47 pm
five bedroom house for rent@race course, 5,  3,1300 ,Western,10 Jun  3:42 pm
Fresh 3 bedroom For Rent At Asafo Kumasi, 3,  2,2200 ,Kumasi,10 Jun 12:46 pm
4 Bedroom Super House Kotam Estate, 4,  2,1800 ,Accra,10 Jun 12:43 pm
Executive 4 Bedroom at Ofankor Hills, 1,  3,1500 ,Accra,10 Jun 10:59 am
Two bedroom house at Devtraco, 2,  1,2000 ,Greater Accra,10 Jun 10:19 am
Exe 4B Fully furnished Hse. East legon, 4,  5,6000 ,Accra,10 Jun  8:32 am
Executive 4B Hse 4 Rent. East legon, 4,  3,4000 ,Accra,10 Jun  8:18 am
4bedrom Hse 4rent Spintex, 4,  5,2800 ,Accra,10 Jun  6:54 am
Three bed  room for lease, dzorwulu, 3,  2,2500 ,Accra,10 Jun  6:24 am
Three bed  room for lease, dzorwulu, 3,  2,2500 ,Accra,10 Jun  6:24 am
7 Bedrooms House At Fuo, 9,  4,1200 ,Northern,10 Jun  1:57 am
4 Bedroom House At Tuuna Yili, 4,  3,1000 ,Northern,09 Jun 11:08 pm
3 bedroom house in Regimanuel Estates, 3,  2,10800 ,Accra,09 Jun  8:41 pm
3 Bedroom House East Legon, 3,  3,6300 ,Accra,09 Jun  4:20 pm
Executive 6 Bedroom House@Abelenkpe, 6,  6,14000 ,Accra,09 Jun  4:07 pm
exec 3 bedrooms at ashongman estates, 3,  3,1700 ,Accra,09 Jun  3:45 pm
Outstanding 3bed she -Achimota, 3,  3,4400 ,Accra,09 Jun  2:13 pm
Beautiful 5 Bedroom house in Weija, 5,  3,2500 ,Accra,09 Jun  1:56 pm
3bedrm selfcompound 4rent spintex, 3,  2,1200 ,Accra,09 Jun  1:31 pm
3bedrm selfcompound 4rent spintex, 3,  2,1500 ,Accra,09 Jun 12:50 pm
4 bedrooms house with garden at Airport, 4,  4,24000 ,Accra,09 Jun 12:42 pm
4 bedroom house Airport Residential, 4,  4,21884 ,Accra,09 Jun 12:34 pm
7 bedroom house in Haatso, 7,  7,6300 ,Accra,09 Jun 11:50 am
4 bedroom house to let at Labone, 4,  4,13130 ,Accra,09 Jun 11:50 am
3 bedroom house in Oyarifa, 3,  3,2159 ,Accra,09 Jun 11:36 am
A Fully furnished 4bd  East legon, 4,  5,14000 ,Accra,09 Jun 11:17 am
7 bedroom furnished house near Legon, 7,  7,12000 ,Accra,09 Jun 10:48 am
3 Bedroom House Spintex, 3,  3,2100 ,Accra,09 Jun 10:44 am
5 bedroom house  in North Legon, 5,  5,8000 ,Accra,09 Jun 10:39 am
5 Bedroom House in Trassacco Valley, 5,  5,18000 ,Accra,09 Jun 10:12 am
An exe. 4bd + 1bq @East Legon, 4,  5,6000 ,Accra,09 Jun  9:49 am
A Luxurious 4bd+1bq East legon, 4,  5,14000 ,Accra,09 Jun  9:36 am
3bed s-compound Ashongman, 3,  3,1500 ,Accra,09 Jun  9:35 am
Ex 2Bedroom fully furnished Hse@ANC, 2,  3,6000 ,Accra,09 Jun  9:30 am
Fully  Fur. 4bd+2bq East Legon, 4,  5,16000 ,Accra,09 Jun  9:22 am
4 bedroom hse at Aplaku, 4,  4,1800 ,Accra,09 Jun  8:35 am
fully fur. 2bd hus. East legon, 2,  3,6000 ,Accra,09 Jun  8:32 am
An Executive 3bd +1bq East legon, 3,  4,4400 ,Accra,09 Jun  8:15 am
4Bedroom House for Rent, konkronmanso, 4,  5,1500 ,Kumasi,09 Jun 12:39 am
Executive 4B/B House 4 rent. East legon, 4,  3,2500 ,Accra,08 Jun 10:11 pm
Executive 3/B Hse 4 rent.East legon, 3,  2,3500 ,Accra,08 Jun 10:07 pm
Executive 4/B Hse 4 Rent .West legon., 4,  5,6000 ,Accra,08 Jun  9:48 pm
Newly 3/B Hse 4 Rent. East legon, 3,  2,7500 ,Accra,08 Jun  9:42 pm
Executive 3/bR Hse 4 rent.East legon, 3,  2,48000 ,Accra,08 Jun  9:35 pm
Executive 4 Bedroom With 1 BQ Botwe, 4,  5,2100 ,Accra,08 Jun  5:28 pm
2 BEDROOM HOUSE AT SPINTEX, 2,  2,1000 ,Accra,08 Jun  5:06 pm
4 bed room house for rent. Achimota, 4,  4,6525 ,Accra,08 Jun  4:02 pm
House in Pokuase for rent, 3,  2,550 ,Accra,08 Jun  3:59 pm
4 Bdrm Hse with SPool Renting at Labone, 4,  4,19900 ,Accra,08 Jun  3:39 pm
New 3 bedroom hse to let Ashongman, 3,  3,1500 ,Accra,08 Jun  3:08 pm
House 4Rent @santasi, 3,  3,7000 ,Kumasi,08 Jun  2:48 pm
2BEDROOM house for rent at HFC, Tema C25, 2,  3,1800 ,Greater Accra,08 Jun  2:39 pm
FULLY FURNISHED 5BEDROOM HOUSE Tesano, 5,  4,15000 ,Accra,08 Jun  2:11 pm
5Bedroom House For Rent Tema, 5,  6,1800 ,Greater Accra,08 Jun  2:07 pm
Executive 4 bed house @ East Legon, 4,  4,17000 ,Accra,08 Jun 11:45 am
5 BEDROOM HOUSE FOR RENT AT EAST LEGON, 5,  4,12900 ,Accra,08 Jun 10:55 am
3 bedroom for rent at East Legon, 3,  2,2500 ,Accra,08 Jun 10:53 am
4 Bedroom for rent @ airport, 3,  3,12900 ,Accra,08 Jun 10:52 am
A Cozy 3 Bedroom House East Legon, 3,  3,4200 ,Accra,08 Jun 10:46 am
3 Bedroom house for rent @ Ridge, 3,  2,8620 ,Accra,08 Jun 10:43 am
3 BEDROOM HOUSE FOR RENT AT EAST LEGON, 3,  3,5590 ,Accra,08 Jun 10:21 am
3 BEDROOM EXEC. HOUSE AT EAST LEGON, 3,  3,24000 ,Accra,08 Jun  9:38 am
5bedrm wit 4washrm 4rent in spintex, 5,  4,3000 ,Accra,08 Jun  9:21 am
3 BEDROOM EXEC. HOUSE AT ADJIRINGANOR, 3,  2,1200 ,Accra,08 Jun  9:14 am
3bedrm self-house- achimota, 3,  3,1400 ,Accra,08 Jun  8:25 am
FIVE BEDROOMS HOUSE SEKONDI, 5,  4,800 ,Sekondi Takoradi,08 Jun  7:49 am
ten bedroom house for rent@Adietem, 10,  6,1500 ,Western,08 Jun  7:44 am
Executive 5 Bedroom House, Dzorwulu, 5,  4,10000 ,Accra,08 Jun  3:25 am
5 bedroom for rent Spintex, 5,  5,4374 ,Accra,07 Jun  9:26 pm
4 bedroom house let cantonment, 4,  4,12925 ,Accra,07 Jun  6:33 pm
4 bedroom house let trade fair la, 4,  4,12925 ,Accra,07 Jun  6:31 pm
4 bedroom house to let osu, 4,  4,8617 ,Accra,07 Jun  6:06 pm
A Magnificent 9 Bedroom House Spintex, 9,  9,10500 ,Accra,07 Jun  5:33 pm
3-bedroom house behind trade fair, 3,  3,3000 ,Accra,07 Jun  5:29 pm
3 bedroom house to let Osu, 3,  3,3000 ,Accra,07 Jun  5:22 pm
4 Bedroom Hse -Spintex, 4,  4,1500 ,Accra,07 Jun  4:38 pm
4 bedroom House IN East Airport, 4,  6,7400 ,Accra,07 Jun  2:51 pm
4 bedroom house in Pokoase New Town, 4,  4,1000 ,Accra,07 Jun  1:57 pm
Executive 5 bedrooms house in East Legon, 5,  5,12000 ,Accra,07 Jun  1:04 pm
6 bedrooms furnished house in Adenta, 6,  4,4000 ,Accra,07 Jun  1:02 pm
2 bedroom self compound in  Pokoase, 2,  2,500 ,Accra,07 Jun 12:56 pm
2 bedroom house in Pokoase, 2,  2,400 ,Accra,07 Jun 12:48 pm
2 bedroom self contain house in Pokoase, 2,  2,500 ,Accra,07 Jun 12:34 pm
4 Bedroom House  For Rent @ Tema, 4,  5,4000 ,Greater Accra,07 Jun 12:31 pm
2 bedroom house in Pokoase -Ayawaso, 2,  2,500 ,Accra,07 Jun 12:29 pm
executive 3 bedrooms house at agbogba, 3,  2,1000 ,Accra,07 Jun 12:10 pm
Executive Seven(7)storey house in Adenta, 7,  8,8000 ,Accra,07 Jun 12:07 pm
Executive 5 bed for rent at East Legon, 5,  3,12000 ,Accra,07 Jun 10:48 am
3 bed house for rent at Madina Estate, 3,  2,2500 ,Accra,07 Jun 10:44 am
4 bedroom house for rent @ East Airport, 4,  4,8400 ,Accra,07 Jun 10:34 am
5 bed townhouse for rent at East Airport, 5,  5,10000 ,Accra,07 Jun 10:22 am
Executive 4 Bedroom House-Labone, 4,  4,14350 ,Accra,07 Jun 10:19 am
TWO BEDROOM HOUSE in DAWENYA, 2,  2,700 ,Greater Accra,07 Jun  8:11 am
Furnished 5 Bedroom House La, 5,  5,8500 ,Accra,07 Jun  6:43 am
Executive 3B/Hse 4rent at East legon, 3,  4,4500 ,Accra,07 Jun  5:59 am
Executive 4b/hse 4 rent at east legon, 3,  4,4000 ,Accra,07 Jun 12:33 am
4 bedeoom hse at East legon 69, 4,  4,4000 ,Accra,07 Jun 12:25 am
5 bedroom house at North Kaneshie, 5,  4,1800 ,Accra,06 Jun  7:16 pm
Airport 12 Bedrom House, 10+,  10,51600 ,Accra,06 Jun  5:08 pm
LUXURIOUS 5 BEDROOM WEST LEGON, 5,  5,8600 ,Accra,06 Jun  4:14 pm
Furnished 4bedroom In Trade Fair, 4,  4,11043 ,Greater Accra,06 Jun  4:04 pm
4 BEDROOM HOUSE FOR RENT AT MATAHEKO, 4,  2,1000 ,Accra,06 Jun  4:03 pm
4 Bedroom Townhouses Cantonment, 4,  4,14350 ,Accra,06 Jun  3:55 pm
A four bedroom house at Odorkor, 4,  2,1500 ,Accra,06 Jun  3:05 pm
4 bedroom house for rent at Achimota, 4,  4,2500 ,Accra,06 Jun  2:58 pm
4 bedroom house for rent at Trasaco, 4,  4,7328 ,Accra,06 Jun  2:58 pm
4 bedroom house for rent at Spintex, 4,  4,2155 ,Accra,06 Jun  2:58 pm
4 bedroom house for rent at East Legon, 4,  4,8621 ,Accra,06 Jun  2:57 pm
Exexc. 4 B/R at Atomic-Ashongman Rd, 4,  5,1800 ,Accra,06 Jun  2:15 pm
3 bedroom house for rent@kwabenya, 3,  3,1000 ,Accra,06 Jun 12:17 pm
Exec 3brm Self Compound Adjiriganor, 3,  3,2600 ,Accra,06 Jun  9:33 am
3bedroom House 4rent Spintex, 3,  4,1600 ,Accra,06 Jun  8:44 am
3 bedrm self-compound@taifa, 3,  2,1000 ,Accra,06 Jun  8:38 am
3bedroom House In Koans Estate, 3,  3,800 ,Greater Accra,06 Jun  8:00 am
4bedroom House In north Legon, 4,  4,5100 ,Greater Accra,06 Jun  7:56 am
Three Bedroom House at medie kotoku, 3,  2,660 ,Greater Accra,06 Jun  7:55 am
4bedroom House In North Legon, 4,  4,3400 ,Greater Accra,06 Jun  7:41 am
3bedroom House In Adenta Barrier, 3,  3,2700 ,Greater Accra,06 Jun  1:48 am
5 bedroom house with 2 BQ in East Legon, 5,  5,18000 ,Accra,05 Jun  8:44 pm
5 bedroom house in Trasacco Valley, 5,  5,24000 ,Accra,05 Jun  6:30 pm
4 bedroom furnished house in East Legon, 4,  4,24000 ,Accra,05 Jun  3:18 pm
3bedroom self compound for dome, 3,  2,1300 ,Accra,05 Jun 12:25 pm
3 bedrooom house east legon, 3,  4,4000 ,Accra,05 Jun 12:16 pm
three bedroom okpoi gonno, 3,  2,1250 ,Accra,05 Jun 11:22 am
2bedroom Selfcompound 4 Rent, Spintex, 2,  1,1200 ,Accra,05 Jun  7:04 am
3 BEDROOM   HOUSE AT KWASHIEMAN, 3,  2,900 ,Accra,05 Jun  6:47 am
6 Bedroom House for Rent!, 6,  3,8500 ,Accra,04 Jun  2:41 pm
2bedrooms for rent dome k boat, 2,  2,800 ,Accra,04 Jun 12:35 pm
4 bdrm hse for rent in spintex, 4,  5,2500 ,Accra,04 Jun 12:22 pm
3 bdrms hse for rent in spintex, 3,  4,2500 ,Accra,04 Jun 12:11 pm
4bedroom House For Rent Spintex, 4,  4,1300 ,Accra,04 Jun  6:53 am
3 Bedroom Hse for rent, Ashalebotwe, 3,  4,3000 ,Accra,03 Jun  2:45 pm
3bedroom house for rent at spintex, 3,  4,1600 ,Accra,03 Jun 12:52 pm
EXE.3BEDRM SEFCOMPOUND@ACHIMOTA, 3,  3,3000 ,Accra,03 Jun 11:28 am
4 bedroom house at Lincoln School Accra, 4,  4,16000 ,Accra,03 Jun 10:41 am
3 bedroom house at Ashaley Botwe,, 3,  4,3500 ,Accra,03 Jun  7:25 am
3 Bedrooms self compound at botwe, 3,  3,3500 ,Accra,03 Jun 12:30 am
5 bed Swim pool house east legon, 5,  6,12000 ,Accra,02 Jun  6:09 pm
Fresh 5 Bedroom self compound Manet, 5,  2,4800 ,Accra,02 Jun  3:46 pm
2 Bedroom Furnished House -  Tema, 2,  2,5200 ,Accra,02 Jun  3:16 pm
3 bedrooms house,east legon hills,, 3,  2,1500 ,Accra,02 Jun  2:48 pm
Executive 3 bedroom@adjiringano, 3,  2,2500 ,Greater Accra,02 Jun  2:39 pm
Executive Property, 6,  4,7000 ,Accra,02 Jun  1:08 pm
Three Bedroom House for rent@Oyarifa, 3,  3,1300 ,Accra,02 Jun 12:35 pm
Executive 4b/ hse@East legon, 4,  5,7500 ,Accra,02 Jun 10:14 am
3bedroom hse 4 rent lakeside estate, 3,  3,2000 ,Accra,02 Jun  9:30 am
3 bedroom house in Regimanuel Estates, 3,  2,5200 ,Accra,02 Jun  8:25 am
7 Bedroom Executive House@tema, 7,  6,5000 ,Greater Accra,02 Jun  8:14 am
Executive 3bedroom hse@East legon, 4,  4,1700 ,Accra,02 Jun  8:06 am
3 bedroom house in Regimanuel Estates, 3,  3,10000 ,Accra,02 Jun  7:36 am
Exe furnished 4bedroom, east airport, 4,  5,12000 ,Accra,02 Jun  7:19 am
4 bedroom house in Regimanuel Estates, 4,  3,10400 ,Accra,02 Jun  7:17 am
House in Apeadu, 4,  4,800 ,Kumasi,02 Jun  6:56 am
3 bedrooms in Ayeduase, 3,  2,450 ,Kumasi,02 Jun  6:50 am
4 bedrooms house at Gyinyasi, 4,  4,1500 ,Kumasi,02 Jun  6:39 am
4 bedrooms house in Bomso, 4,  4,1200 ,Kumasi,02 Jun  6:32 am
House in Kantikrono, 3,  2,400 ,Kumasi,02 Jun  6:28 am
4bedroom swimming at east legon, 4,  5,6000 ,Accra,02 Jun  6:11 am
7 bedroom house to let,east legon, 7,  7,12000 ,Accra,02 Jun  5:17 am
4 bedroom hse , East legon ., 4,  5,4800 ,Accra,02 Jun  1:57 am
3bedroom/Hse 4Rnt. at east legon, 3,  2,2500 ,Accra,02 Jun  1:55 am
3b hse /4 rent. at east legon, 3,  3,3300 ,Accra,02 Jun  1:46 am
4 bedroom townhouse to let atCantonments, 4,  3,16000 ,Accra,01 Jun 11:15 pm
3bedroom h/4 rent.  at east legon, 3,  2,2500 ,Accra,01 Jun 11:09 pm
4 bedroom hse- east legon, 4,  5,13000 ,Accra,01 Jun 11:00 pm
15bedroom hse 4 rent at east legon, 10+,  10+,26000 ,Accra,01 Jun 10:42 pm
3 BEDROOM HSE AT East legon, 3,  4,2500 ,Accra,01 Jun 10:36 pm
Newly 3bed for rent at Adenta-Ashie, 3,  3,1100 ,Accra,01 Jun 10:14 pm
four bedrooms, 4,  4,4800 ,Accra,01 Jun  3:16 pm
3bedroom at Ayi Mensah  FOR RENT, 3,  2,1000 ,Accra,01 Jun  3:13 pm
a very nice house for rent at abelemkpe, 4,  4,6554 ,Accra,01 Jun  1:58 pm
3 BEDROOMS HOUSE AT AMASAMAN, 3,  3,1000 ,Accra,01 Jun  1:52 pm
3 BEDROOMS HOUSE WITH B/Q TEMA, 4,  4,2800 ,Accra,01 Jun  1:34 pm
A 2bedroom house for rent at Amasaman, 2,  2,600 ,Accra,01 Jun  1:13 pm
A 2bedroom house for rent Kwabenya, 2,  2,3700 ,Accra,01 Jun 12:23 pm
7Bedrms 4 rent @ spintex, 7,  6,25000 ,Accra,01 Jun 11:59 am
3 Bedroom En Suite House - Nmai Dzorn, 3,  4,2500 ,Accra,01 Jun 11:03 am
4 bedroom house in Airport Residential, 4,  4,16000 ,Accra,01 Jun  9:42 am
Executive 3bedroom house at Ablekuma, 3,  3,1200 ,Accra,01 Jun  7:59 am
Exclusive 3 Bed House Kasoa, 3,  2,650 ,Central,31 May  7:23 pm
5 BEDROOM EXEC. HOUSE IN EAST LEGON, 5,  5,4500 ,Accra,31 May  5:37 pm
6 BEDROOM HOUSE at ASYLUM DOWN, 6,  3,10750 ,Accra,31 May  5:35 pm
3bedroom for rent at Spintex, 3,  2,1700 ,Accra,31 May  5:33 pm
3 BEDROOM TOWNHOUSE IN CANTONMENTS, 3,  2,3500 ,Accra,31 May  5:06 pm
7 bedroom house in Labone near Osu, 7,  5,10800 ,Accra,31 May  4:45 pm
Executive 3Bedroom House east legon, 3,  4,4100 ,Accra,31 May  4:38 pm
5 bedroom swimming pool house East Legon, 5,  5,11400 ,Accra,31 May  4:30 pm
3 BEDROOMS HOUSE -Ashongman, 3,  2,1200 ,Accra,31 May  4:11 pm
5 bedroom house in West Airport Resident, 4,  4,16400 ,Accra,31 May  3:47 pm
Upmarket Town Houses east legon, 4,  4,13290 ,Accra,31 May  3:42 pm
Executive 4 Bedroom House -East Legon, 4,  4,8860 ,Accra,31 May  3:28 pm
7 BEDROOM HOUSE FOR RENT @ SPINTEX, 7,  4,5172 ,Accra,31 May  2:38 pm
executive 3bedrm+boys quarters spintex, 3,  3,1600 ,Accra,31 May  8:32 am
3 BEDROOM EXEC. HOUSE IN CANTONMENTS, 3,  3,15023 ,Accra,31 May  8:07 am
7 bedrooms swimming pool house,Kisseman, 7,  7,12000 ,Accra,31 May  7:46 am
3 bedroom swimming pool house Cantonment, 3,  3,14000 ,Accra,31 May  7:15 am
3 bedroom house in Regimanuel Estates, 3,  2,7200 ,Accra,31 May  7:08 am
Executive 3 bedrooms house,East legon, 3,  3,1800 ,Accra,31 May  7:06 am
5Bedrm+2Bq To Let in East Airport, 5,  5,4500 ,Accra,30 May 10:08 pm
5 bedrooms house near west hills, 5,  5,1500 ,Accra,30 May  8:42 pm
6 bedroom house at west legon, 6,  4,4320 ,Accra,30 May  5:55 pm
3 BEDROOM HOUSE FOR RENT AT DZORWULU, 3,  3,8600 ,Accra,30 May  4:24 pm
2 Bed En Suit;RENTING @Krispol City, 2,  3,550 ,Accra,30 May  3:58 pm
House for rent, 3,  2,4500 ,Accra,30 May  2:14 pm
2 Bedrooms self contained Hse@Haatso, 2,  2,1000 ,Accra,30 May 12:50 pm
3 bedroom house in Haatso, 3,  4,1500 ,Accra,30 May 11:39 am
7 bed house for rent at East Legon, 7,  6,3600 ,Accra,30 May  9:38 am
4 bedroom House at Dzorwulu, 4,  3,3000 ,Accra,30 May  8:21 am
3 bedrooms house at Adiringano, 3,  3,3440 ,Greater Accra,30 May  7:37 am
Furnished 5Bedrm+1Bq To Let in com20, 5,  3,4500 ,Greater Accra,30 May  3:32 am
3 Bed house for rent at East Legon, 3,  2,2500 ,Accra,29 May  4:20 pm
An executive 7bed at Adgriganor, 7,  5,3780 ,Accra,29 May  3:58 pm
3 Bdrms Town Hse at Cantonments, 3,  3,1500 ,Accra,29 May  2:28 pm
3 BR SELF COMPOUND  in -LAKESIDE EST, 3,  2,1200 ,Accra,29 May 12:56 pm
11 BEDROOM HOUSE FOR RENT, RIDGE, 10+,  8,30100 ,Accra,29 May 12:53 pm
North Dzorwulu 5 Bedroom House, 5,  5,10200 ,Accra,29 May 12:24 pm
A 3 Bedroom House for Rent, spintex, 3,  2,2150 ,Accra,29 May 12:13 pm
5 BEDROOM HOUSE FOR RENT AT EAST LEGON, 5,  5,10320 ,Accra,29 May 12:09 pm
4 BEDROOM HOUSE FOR RENT AT EAST LEGON, 4,  4,4300 ,Accra,29 May 12:08 pm
unfurnish/furnish 2 B/R AT ATOMIC DOWN, 2,  3,1860 ,Accra,29 May 11:50 am
4Bedrms House To Let in Spintex, 4,  4,11000 ,Accra,29 May 11:31 am
3 BEDROOM HOUSE FOR RENT AT KANESHIE, 3,  2,1200 ,Accra,29 May 11:31 am
4 BEDROOM HOUSE FOR RENT AT LABONE, 4,  4,12040 ,Accra,29 May 10:48 am
3 bedroom house- at lakeside estate, 3,  4,2000 ,Accra,29 May 10:41 am
3 bedroom house at Ashaley Botwe, 3,  4,2000 ,Accra,29 May 10:40 am
6 bedroom with 2bed outhouse Cantonments, 6,  5,14000 ,Accra,29 May 10:26 am
3 Bedrm hse for rent, Spintex, 3,  3,1800 ,Accra,29 May  9:18 am
4 BEDROOMS HOIUSE,TARGET, TAMALE, 3,  2,900 ,Northern,28 May  9:52 pm
three bedrooms self compound Ashongman, 3,  2,1600 ,Accra,28 May  9:08 pm
3 BEDROOMS AT TUUNAYILI, Tamale, 3,  2,800 ,Northern,28 May  8:53 pm
spacious 2bedroom self contain at mile7, 2,  2,700 ,Accra,28 May  3:29 pm
6 bedroom hse at Dichemso, 6,  4,1000 ,Kumasi,28 May 11:54 am
2Bedrms to let in Dansoman Estate, 2,  2,1000 ,Accra,28 May 11:03 am
2 bedroom hse at Tech Appiadu, 2,  2,600 ,Kumasi,28 May  7:02 am
FURNISHED HOUSE, ADJIRINGANOR, 5,  5,8000 ,Accra,28 May  5:39 am
2 BEDROOM HOUSE FOR RENT, ADENTA, 2,  2,1200 ,Accra,28 May  5:38 am
6bedrms 2boys Qtrs house, North Legon, 8,  5,4000 ,Accra,28 May  1:39 am
4 Bedrooms House For Rent In Tamale, 4,  2,800 ,Northern,27 May 10:45 pm
4Bedroom swim pool House, Spintex, 4,  5,16000 ,Accra,27 May  8:56 pm
Fur 3Bedroom Hse with BQ, East Airport, 3,  3,12000 ,Accra,27 May  8:50 pm
5 bedroom house at East Legon Adjinganor, 5,  5,12000 ,Accra,27 May  8:13 pm
6 bedroom house to let at Adenta, 6,  3,4000 ,Accra,27 May  7:00 pm
House at Tesano, 10,  8,55900 ,Accra,27 May  4:58 pm
Four Bedroom House For Rent at, 4,  2,1000 ,Accra,27 May  2:20 pm
3bedroom for rent  Ashongman  estate, 3,  2,1200 ,Accra,27 May 12:54 pm
5 Bedrooms Furnished House in Ridge, 5,  5,20000 ,Accra,27 May 11:50 am
9 bedrooms for rent @ Adjriganor, 9,  10+,11000 ,Accra,27 May  1:59 am
4 bedrooms house for rent Kasoa, 4,  2,1000 ,Accra,27 May  1:46 am
6 master bed 4 rent at Abeka free pipe, 6,  6,12750 ,Accra,27 May  1:12 am
3 bedroom house at Spintex, 3,  3,1500 ,Accra,26 May 11:32 pm
3bedroom house at East legon, 3,  2,5460 ,Accra,26 May 11:13 pm
5 bedroom house at New weija, 5,  6,1500 ,Accra,26 May 11:09 pm
new 7bedrm wit 6washrm 4rent spintex, 7,  6,3400 ,Accra,26 May 10:58 pm
Exe 5Bedroom swim pool Hse, East legon, 5,  5,17000 ,Accra,26 May  7:36 pm
4 Bedroom House at Airport Residential, 4,  3,16341 ,Accra,26 May  5:20 pm
3 bedroom swimming pl house in Dzorwulu, 3,  3,19000 ,Accra,26 May  4:47 pm
15 BEDROOM HOUSE AT DZORWULU, 10+,  10+,12900 ,Accra,26 May  4:35 pm
5 Bedroom house For Rent in Community 22, 5,  3,2500 ,Greater Accra,26 May  4:28 pm
3 bedrooms house for rent tamale, 3,  3,1500 ,Northern,26 May  4:23 pm
Executive Beach House at Funko beach, 4,  5,10000 ,Sekondi Takoradi,26 May  3:48 pm
Newly Built two bedroom house in Afienya, 2,  2,450 ,Greater Accra,26 May  1:10 pm
2 Bedroom @ Haatso Rabbit For Rent, 2,  1,580 ,Accra,26 May  8:52 am
Two bedroom self compound hse Appiadu, 2,  2,750 ,Kumasi,26 May  5:18 am
Two bedroom semi detached hse Appiadu, 2,  2,600 ,Kumasi,26 May  5:18 am
4 bedroom furnished house at Cantonments, 4,  4,26000 ,Accra,25 May  8:50 pm
5 BEDROOM EXEC. HOUSE IN CANTONMENTS, 5,  5,23000 ,Accra,25 May  8:48 pm
Executive House to let at Airport, 4,  4,16000 ,Accra,25 May  8:45 pm
6 bedroom swimming pool house in Airport, 6,  6,32000 ,Accra,25 May  8:44 pm
5 bedroom estate house in East Legon, 5,  5,24000 ,Accra,25 May  8:41 pm
3 bedroom furnished house Spintex Road, 3,  3,10800 ,Accra,25 May  8:30 pm
4 bedroom townhouse at North Ridge, 4,  4,16800 ,Accra,25 May  8:27 pm
executive 5 bedrooms  ajiringanor, 5,  6,10000 ,Accra,25 May  4:44 pm
3 bedroom house for rent in Sprintex, 3,  4,2000 ,Accra,25 May  4:36 pm
2 bedroom house in Sprintex Lashibi, 2,  3,1200 ,Accra,25 May  4:29 pm
4bedroom selfcompound for rent spintex, 4,  3,1300 ,Accra,25 May  3:53 pm
4bedrm selfcompound 4rent spintex, 4,  3,1300 ,Accra,25 May  3:43 pm
2 BEDROOM HOUSE IN KASOA, 2,  1,300 ,Accra,25 May  1:31 pm
3 bedroom House in Kwabenya, 3,  3,2600 ,Accra,25 May 10:46 am
5 bedroom House at spintex road for rent, 5,  3,3400 ,Greater Accra,25 May  9:38 am
executive 5 house@ east legon, 5,  5,4800 ,Accra,25 May  7:55 am
8 bedroom house for rent adijiringanor, 8,  4,3500 ,Accra,24 May  8:44 pm
house at dansoman, 2,  2,650 ,Accra,24 May  4:22 pm
5bed rooms for rent  Dome, 5,  3,3000 ,Accra,24 May  4:22 pm
3bedroom estate  @ DEVTRACO C25 Dawenya, 3,  2,2000 ,Greater Accra,24 May  2:52 pm
Adjiringanor 7 Bedroom House, 7,  7,9790 ,Accra,24 May 11:30 am
Three bedroom self-contain in Spintex, 3,  2,1000 ,Accra,24 May 11:08 am
East Legon 5 Bedroom House, 5,  5,11125 ,Accra,24 May 10:52 am
house for rent at kasoa, 2,  1,500 ,Accra,24 May  8:07 am
modern 3bedrm selfcompound 4rent spintex, 3,  2,1300 ,Accra,24 May  7:24 am
Exe 3 bedroom house at ARS, 3,  3,2500 ,Accra,23 May 10:13 pm
3 bedroom furnished house, agogo, 3,  3,1500 ,Ashanti,23 May  9:38 pm
7 bedroom house at dzorwulu, 7,  5,25500 ,Accra,23 May  7:13 pm
8 bedroom furnished house at dzorwulu, 8,  8,29750 ,Accra,23 May  6:54 pm
4 Bedroom House For Rent, 4,  4,15000 ,Accra,23 May  5:28 pm
3 BEDROOM EXEC. HOUSE AT ASHALEY BOTWE, 3,  4,3200 ,Accra,23 May  5:04 pm
5 Bedrooms House Office Space, Haatso, 5,  3,5500 ,Accra,23 May  4:33 pm
4 Bedrooms House 4 Rent, Airport hills, 4,  5,10600 ,Accra,23 May  4:06 pm
Executive 2bed town house-Adentan, 2,  1,700 ,Accra,23 May  4:03 pm
Executive 4bedrm selfcompoud Spintex, 4,  4,1300 ,Accra,23 May  3:27 pm
5 bedrooms for sale@East legon., 5,  5,15299 ,Accra,23 May  2:37 pm
5 bedrooms for sale@ East legon, 5,  5,13111 ,Accra,23 May  2:26 pm
House for rent, 4,  4,5000 ,Greater Accra,23 May  1:56 pm
2 BED ROOM SELF CONTAIN FOR RENT, 1,  1,400 ,Central,23 May  1:50 pm
3 bedroom fully furnishd@ ajingano, 3,  3,6000 ,Accra,23 May 12:23 pm
Airport 8 Bedroom House, 8,  8,32000 ,Accra,23 May 11:11 am
3 bed room house  at Botwe, 3,  4,1500 ,Accra,23 May 10:37 am
4 bedroom house -Ashaley Botwe, 4,  3,1500 ,Accra,23 May  9:34 am
3  bed room house -adenta, 3,  3,1200 ,Greater Accra,23 May  8:50 am
4 bed house for rent at Ashaley Botwe, 4,  3,1400 ,Accra,23 May  8:15 am
Executive three bedroom House weija, 3,  2,1000 ,Accra,23 May  6:56 am
Furnished House For Rent, East Legon, 4,  4,6500 ,Accra,22 May  9:20 pm
3 bedroom house at Tantra hill, 3,  2,1500 ,Accra,22 May  9:13 pm
3BEDROOM HSE IN CHRISTIAN VILLAGE, 3,  4,3500 ,Accra,22 May  5:26 pm
6 bedroom house at Ajiriganor, 6,  7,13250 ,Accra,22 May  4:47 pm
4 BEDROOM HOUSE AT EAST LEGON, 4,  5,12500 ,Accra,22 May  4:42 pm
4 BEDROOM EXEC. HOUSE AT ADJIRINGANOR, 4,  4,8800 ,Accra,22 May  4:24 pm
2 Bedroom  House at East Legon, 2,  2,10500 ,Accra,22 May  4:22 pm
4 Bedrooms House 4rent, Botwe, 4,  3,1500 ,Accra,22 May 11:41 am
furnished 3 bedroom house-EAST LEGON, 3,  3,4500 ,Accra,22 May 11:31 am
FURNISHED 4 BEDROOMS -ashale botwe, 4,  4,6000 ,Accra,22 May 11:13 am
An Executive 4 Bd House -Trasacco, 4,  5,6000 ,Accra,22 May  9:08 am
NEWLY 4 BEDROOM HOUSE IN EAST LEGON, 4,  4,6400 ,Accra,22 May  8:52 am
4 Bedroom Hse To -let spintex, 4,  3,1300 ,Accra,21 May  4:55 pm
3 bedroom self-contained to rent/to let, 3,  2,450 ,Central,21 May  4:50 pm
6 bdrms hse for rent in Spintex, 6,  5,4200 ,Accra,21 May  2:28 pm
3 bdrms hse for rent in Spintex, 3,  4,1600 ,Accra,21 May  2:10 pm
4 bdrms hse for rent in Spintex, 4,  3,2100 ,Accra,21 May  2:07 pm
4 bdrms hse for rent in Spintex, 4,  5,4200 ,Accra,21 May  1:57 pm
3 bdrms hse for rent Spintex, 3,  2,2100 ,Accra,21 May 11:27 am
3 bdrms  hse for rent in comm 18, 3,  4,2520 ,Accra,21 May 11:12 am
3 bdrms hse for rent in comm 18, 3,  4,2520 ,Accra,21 May 11:08 am
3 bdrms  hse for rent in Spintex, 3,  4,6300 ,Accra,21 May 10:39 am
House for rent, Kasoa, 5,  6,4000 ,Accra,21 May 10:32 am
4 bdrms hse for rent in Sakumono, 4,  5,4200 ,Accra,21 May 10:23 am
executive 4bedroom house at ability, 4,  4,7200 ,Accra,21 May 12:41 am
Five Bedroom House  Anaji, 5,  3,700 ,Sekondi Takoradi,20 May  8:46 pm
3 bedroom house at adenta, 3,  3,1400 ,Accra,20 May  8:32 pm
6 Bedroom 6 bath for Rent in Kwabenya, 6,  6,2000 ,Accra,20 May  2:44 pm
2 bedroom terrance house, Santor, 2,  2,700 ,Accra,20 May  1:46 pm
New Built 5 Bed House @ west Hills Mall, 5,  4,2000 ,Accra,20 May 11:07 am
4bedroom self-contained house, 4,  3,1600 ,Accra,20 May  9:56 am
3Bedrms+1Bq To Let in Devtraco Estate, 4,  4,3000 ,Greater Accra,20 May  9:52 am
3Bedrooms To Let in Devtraco Estate, 3,  2,2600 ,Greater Accra,20 May  9:47 am
5 Bedrooms House 4rent East legon, 5,  5,12600 ,Accra,19 May 10:58 pm
4 Bedrooms House 4rent East legon, 4,  5,14700 ,Accra,19 May 10:51 pm
4 Bedroom House 4rent West Legon, 4,  5,7140 ,Accra,19 May 10:10 pm
5 bedrooms with 4 outhouse -West Legon, 5,  5,6300 ,Accra,19 May  6:00 pm
executive 3 B/R at ashongman/musuku rd, 3,  3,1700 ,Accra,19 May  3:50 pm
3 bed self compound for rent at kasoa, 3,  3,1000 ,Accra,19 May  2:39 pm
Furnished 4 bed at East Legon, 4,  4,6400 ,Accra,19 May  1:53 pm
Adjiringanor 4 Bedroom House, 4,  4,6000 ,Accra,19 May  1:35 pm
Furnished 4 bed at East Legon, 4,  4,10000 ,Accra,19 May 12:19 pm
4 bedrooms house at Spintex, 4,  4,3000 ,Accra,19 May 11:49 am
5bedroom house in Tesano, 5,  3,5500 ,Accra,19 May 11:27 am
2bedroom  for rent Dome, 2,  2,700 ,Accra,19 May 10:53 am
2 bedroom for sale at APC, 2,  2,289000 ,Accra,19 May  6:56 am
4bedroom for rent dome k boat, 4,  4,2000 ,Accra,19 May  4:10 am
3 bedroom house to let at West Legon, 3,  2,2600 ,Accra,19 May  4:01 am
3 bedroom house, Sakumono Dzotifa, 4,  4,1200 ,Accra,19 May  1:33 am
5Bedrms Hose To Let in Tema Gulf City, 5,  5,1600 ,Greater Accra,19 May 12:54 am
3Bedroom House Devtraco Este,C.25, 3,  2,2600 ,Greater Accra,18 May 11:50 pm
8Bedroom House Comm 12,Tema, 8,  7,10000 ,Greater Accra,18 May 10:54 pm
3 bedroom house at kasoa, 2,  3,700 ,Accra,18 May 10:13 pm
2 Bedrooms Self-Compound - Adenta West, 2,  2,750 ,Accra,18 May  4:35 pm
Exec. 3 Bedrooms Self-Compound - Adenta, 3,  4,1300 ,Accra,18 May  4:01 pm
4 bedrooms house to let at East Legon, 4,  4,6400 ,Accra,18 May  3:33 pm
executive 3bedroom @community 25, 4,  4,6000 ,Accra,18 May  3:30 pm
10 bedroom house at Tema, 10+,  10+,12800 ,Greater Accra,18 May  3:19 pm
4 bedrooms-Airport townhouse, 4,  5,18900 ,Accra,18 May  2:34 pm
Three bedroom house -East Legon, 2,  3,1500 ,Accra,18 May  1:45 pm
3 bedroom house East legon hills, 3,  4,1600 ,Accra,18 May  1:41 pm
6 Bedrooms House -Spintex, 6,  3,3200 ,Greater Accra,18 May  1:32 pm
7 Bedroom House at Tuba for rent, 7,  5,3000 ,Accra,18 May  1:07 pm
Modern 3bedroom House in Ketan BU, 3,  2,600 ,Sekondi Takoradi,18 May 12:52 pm
executive 3 B/R at ashongman bridge, 3,  4,1200 ,Accra,18 May 12:28 pm
4bedrooms furnisd house@ east legoon, 4,  4,6000 ,Accra,18 May 12:21 pm
executive 4 B/R 1 BQS  at east legon, 4,  5,12600 ,Accra,18 May 12:06 pm
Two bedroom house for rent Botwe, 2,  2,1000 ,Accra,18 May 11:32 am
3 BEDROOM HOUSE FOR RENT, SPINTEX, 3,  2,1700 ,Accra,18 May 11:29 am
3 bed for rent at Trasacco, 3,  3,4800 ,Accra,18 May 10:52 am
2 bedroom wt an outhse Appiadu, 4,  3,1200 ,Kumasi,18 May 10:19 am
5 bedrooms self compound-New Weija, 5,  4,1500 ,Accra,18 May  9:40 am
NEWLY 4 BEDROOM HOUSE AT EAST LEGON, 4,  4,10800 ,Accra,18 May  8:43 am
4 bdrms hse for rent in MacCarty hills, 4,  5,1500 ,Accra,18 May  6:32 am
2 bed with center washroom, adenta, 2,  1,1300 ,Accra,18 May  5:01 am
excutive 4 bedrooms for rent, East legon, 4,  4,6400 ,Accra,18 May  2:49 am
executive 5bedroom@ american house, 5,  5,8000 ,Accra,18 May 12:43 am
Executive  5 Bedrooms At Trasaco, 5,  5,4800 ,Accra,18 May 12:36 am
NEWLY BUILT 4 BEDROOM HOUSE / EAST LEGON, 4,  5,10800 ,Accra,17 May 11:34 pm
Townhouse with pool to let at Ringway, 3,  2,15000 ,Accra,17 May  6:39 pm
4 Bedrooms House - Adenta SSNIT Flats, 4,  3,1200 ,Accra,17 May  6:34 pm
4 bedroom HSE in Spintex, 4,  4,1400 ,Accra,17 May  6:18 pm
Nice 3 bedroom HSE in Spintex, 3,  2,1200 ,Accra,17 May  6:14 pm
Beautiful 3 bedroom HSE in Spintex, 3,  2,2000 ,Accra,17 May  6:07 pm
3 bedroom HSE in Comm 20, 3,  3,2000 ,Greater Accra,17 May  6:03 pm
Dzorwulu 5 Bedroom Semi-Detached House, 5,  5,21000 ,Accra,17 May  5:27 pm
Exe 3bedroom house at Adjiringanor, 3,  3,3001 ,Accra,17 May  3:39 pm
3 Bedroom Townhouse Cantonments, 3,  2,18000 ,Accra,17 May  3:18 pm
3 bedroom house at School jxn, 3,  2,2500 ,Accra,17 May  2:14 pm
6 bedroom house near Regimanuel Estate, 6,  6,16000 ,Accra,17 May  2:02 pm
5 Bedroom for rent in Gbawe, 5,  3,1500 ,Accra,17 May  1:40 pm
4 bedrooms at musuku/ashongman road, 4,  5,1800 ,Accra,17 May  1:35 pm
3 bedroom townhouse at Cantonments, 3,  3,14000 ,Accra,17 May 12:57 pm
Fully furnished house to let at Ridge, 4,  4,16800 ,Accra,17 May 12:55 pm
A luxurious 3 Bedroom House Dzorwulu, 3,  3,6390 ,Accra,17 May 12:19 pm
3 B/R 1BQS  Malejor  Accra-Dodowa, 3,  4,1100 ,Accra,17 May 11:37 am
Neat 3 Bedroom House IN Abelenkpe, 3,  3,5200 ,Accra,17 May 11:37 am
3 Bedroom House IN Tesano, 3,  3,4800 ,Accra,17 May  9:03 am
4-bedroom 2bq house to-let, Eastlegon, 4,  5,6500 ,Accra,17 May  8:51 am
4 Bedman House at Trade Fair, 4,  5,4000 ,Accra,17 May  8:47 am
3 Bedroom House To Let. Dome(Pillar 2), 3,  3,1500 ,Accra,17 May  5:52 am
Executive 4 bedrooms house, East Legon, 4,  2,4400 ,Accra,17 May 12:53 am
4 bedroom estate house in Spintex, 4,  3,7200 ,Accra,16 May 10:41 pm
4 Bedrooms House - Adenta Commandos, 4,  3,1200 ,Accra,16 May  5:59 pm
2  Bedrooms Executive  House - Adenta, 2,  2,1000 ,Accra,16 May  5:03 pm
5 Bed + 2 Bed Outhouse - Adenta West, 5,  5,2200 ,Accra,16 May  4:34 pm
Deluxe 4 bedroom house-spintex, 4,  4,2500 ,Accra,16 May  4:31 pm
2 Bedrooms Self-Compound - Adenta SDA, 2,  2,1000 ,Accra,16 May  3:24 pm
4 Bedroom House  at Ofankor Hills, 4,  3,1500 ,Accra,16 May  3:18 pm
Two bedroom house in Awoshie, 2,  1,600 ,Accra,16 May  2:47 pm
A 5 Bedroom house at Dzorwulu, 5,  5,21350 ,Accra,16 May  2:05 pm
Newly built 2 bedrm Hse Spintex, 2,  3,1100 ,Accra,16 May  1:31 pm
4 Bedroom HOUSE IN KASOA, 4,  4,1500 ,Accra,16 May  1:09 pm
4bedroom self compound at East Legon, 3,  4,4100 ,Accra,16 May 12:50 pm
4 bedroom House at Spintex, 4,  4,5124 ,Accra,16 May 11:34 am
6 bedroom house at East Legon prime area, 6,  5,15300 ,Accra,16 May 11:32 am
3 bedroom house at Cantonments, 3,  4,16000 ,Accra,16 May 11:28 am
6 bedroom house at East Legon near A&C, 6,  6,11200 ,Accra,16 May 11:21 am
6 bedroom house in Adjiringanor E.Legon, 6,  6,15300 ,Accra,16 May 11:11 am
3 master bedroom for rent at tesano, 3,  3,7650 ,Accra,16 May 10:20 am
4 BEDROOM HOUSE FOR RENT, EAST LEGON, 4,  4,10750 ,Accra,16 May 10:09 am
2 Bedroom House in Botwe, 2,  1,700 ,Accra,16 May 10:05 am
5 BEDROO HOUSE FOR RENT, EAST LEGON, 5,  3,5122 ,Accra,16 May  9:55 am
4 BEDROOM HOUSE AT WEIJA KASOA, 4,  3,2000 ,Accra,16 May  9:21 am
2 bedroom House-West Legon, 2,  2,6300 ,Accra,16 May  8:59 am
5 bedroom house-spintex, 5,  5,6700 ,Accra,16 May  8:58 am
2 Bed 2 Bath Near Teshie Nungua Estates, 2,  2,650 ,Accra,16 May  7:56 am
6 bedroom  for sale at tetegu, 6,  4,750000 ,Accra,16 May 12:49 am
7 bedroom  for rent at McCarthy Hills, 7,  5,10000 ,Accra,15 May 11:31 pm
4 bedrooms Funished house Aplaku, 4,  3,4000 ,Accra,15 May 11:11 pm
4 BEDROOM FURNISHED HOUSE IN EAST LEGON, 4,  4,10000 ,Accra,15 May  9:14 pm
3 Bedroom House 4 Rent East legon, 3,  4,14000 ,Accra,15 May  4:41 pm
4 BEDROOM HOUSE FOR RENT, EAST LEGON, 4,  3,3000 ,Accra,15 May  3:17 pm
4 BEDROOM HOUSE FOR RENT, ASHALEY BOTWE, 4,  3,2000 ,Accra,15 May  3:08 pm
3 BEDROOM HOUSE FOR RENT, NEW ACHIMOTA, 3,  3,1500 ,Accra,15 May  2:57 pm
EXE 3 B/R AT EAST LEGON ARS, 3,  4,2000 ,Accra,15 May  2:05 pm
Exe 4 B/R 1 BQS at east legon, 4,  5,16800 ,Accra,15 May 12:44 pm
8 BEDROOM HOUSE FOR RENT AT WEST AIRPORT, 8,  8,25611 ,Accra,15 May 12:31 pm
Exec 5 B/R 2 BQS SWIM PL AT DZORWULU, 5,  6,21000 ,Accra,15 May 11:32 am
5 Bedroom House  in East Legon, 5,  5,28500 ,Accra,15 May 10:41 am
4 BEDROOM HOUSE AT ADENTA, 4,  2,1200 ,Accra,15 May  9:32 am
nice two bedroom in Trasformar achimota, 2,  1,370 ,Accra,15 May  9:25 am
4 bedrooms house for rent West Legon, 4,  3,6300 ,Accra,15 May  2:08 am
4 bedroom house to let at East Legon, 4,  4,10400 ,Accra,14 May  9:16 pm
5 bedroom House to let at Trassaco, 5,  5,24000 ,Accra,14 May  9:14 pm
3 bedroom house at Regimanuel, Spintex, 3,  2,5200 ,Accra,14 May  9:12 pm
3 bdrms  hse for rent in Spintex cl, 3,  4,2000 ,Accra,14 May  2:04 pm
2 bdrms hse for rent in Spintex, 2,  3,2500 ,Accra,14 May  1:29 pm
A Luxurious 4BD+1 BQ 4 Rent  @ Trasacco, 4,  5,8000 ,Accra,14 May 11:46 am
EXEC 3-BEDROOM HOUSE, FUMESUA, 3,  3,700 ,Kumasi,14 May 11:18 am
7 bdrms hse for rent in Spintex, 7,  8,3900 ,Accra,14 May  9:51 am
4 bedrooms with  huge pool, East legon, 5,  5,22000 ,Accra,14 May  8:31 am
5 bedrooms fully furnished@ trasaco, 4,  4,8000 ,Accra,14 May  7:33 am
6 bedroom house in Cantonments, 6,  6,1000 ,Accra,13 May  9:14 pm
4 bedroom house in Airport Residential, 4,  4,16800 ,Accra,13 May  9:12 pm
executive 4bedroom@ajingano east legon, 4,  4,6000 ,Accra,13 May  5:26 pm
executive 7bedroom@ajingano east legon, 7,  7,3600 ,Accra,13 May  5:15 pm
executive 6 bedroom@ ajingano, 6,  6,10000 ,Accra,13 May  5:03 pm
Lakeside Estate 3 Bedroom House, 3,  3,3512 ,Accra,13 May  2:57 pm
3 Bedroom House, ashongman estate, 3,  2,1000 ,Accra,13 May 12:42 pm
Deluxe 4 bedroom house, East Legon, 4,  4,9460 ,Accra,13 May 11:13 am
3 BEDROOM HOUSE(RENT) SPINTEX, 3,  3,2600 ,Accra,13 May  8:47 am
3 bed full house .. spintex, 3,  2,1600 ,Accra,13 May  4:34 am
4 bed with Swimming pool east legon, 4,  4,14700 ,Accra,13 May  4:32 am
3bed full House east legon hills, 3,  2,1800 ,Accra,13 May  4:09 am
3bedrooms full house EAST LEGON HILLS, 3,  2,1500 ,Accra,13 May  3:38 am
2 BEDROOMS VILLA  AT SPINTEX RD, 2,  1,2200 ,Accra,05 May  5:05 pm
2BEDROOM HOUSE AT EAST LEGON, 3,  2,3200 ,Accra,04 May  9:40 am
